# Blender 5.1.2
# www.blender.org
mtllib horse_poly.mtl
o Plane
v 16.347008 -3.334367 -16.347008
v -16.347008 -3.334367 -16.347008
v 16.347008 -3.334367 16.347008
v -16.347008 -3.334367 16.347008
vn -0.0000 -1.0000 -0.0000
s 0
usemtl Material.001
f 1//1 3//1 4//1 2//1
o Cylinder
v 0.762783 -2.623653 -3.821952
v 0.762783 -2.308751 -3.742467
v 0.939094 -2.623653 -3.748922
v 0.892796 -2.308751 -3.688614
v 1.012124 -2.623653 -3.572611
v 0.946649 -2.308751 -3.558601
v 0.939094 -2.623653 -3.396300
v 0.892796 -2.308751 -3.428587
v 0.762783 -2.623653 -3.323269
v 0.762783 -2.308751 -3.374734
v 0.586472 -2.623653 -3.396300
v 0.632769 -2.308751 -3.428587
v 0.513441 -2.623653 -3.572611
v 0.578916 -2.308751 -3.558601
v 0.586472 -2.623653 -3.748922
v 0.632769 -2.308751 -3.688614
v 0.762783 -1.759882 -3.646044
v 0.892796 -1.759882 -3.592191
v 0.946649 -1.759882 -3.462178
v 0.892796 -1.759882 -3.332164
v 0.762783 -1.759882 -3.278311
v 0.632769 -1.759882 -3.332164
v 0.578916 -1.759882 -3.462178
v 0.632769 -1.759882 -3.592191
v 0.762783 -1.065141 -3.571744
v 0.906956 -1.065141 -3.473031
v 0.966675 -1.065141 -3.234718
v 0.906956 -1.065141 -2.996405
v 0.762783 -1.065141 -2.897692
v 0.618609 -1.065141 -2.996405
v 0.558890 -1.065141 -3.234718
v 0.618609 -1.065141 -3.473031
v 0.762783 -0.453942 -3.140964
v 0.963819 -0.453942 -3.003319
v 1.047091 -0.453942 -2.671014
v 0.963819 -0.453942 -2.338709
v 0.762783 -0.453942 -2.201064
v 0.561746 -0.453942 -2.338709
v 0.478474 -0.453942 -2.671014
v 0.561746 -0.453942 -3.003319
v 0.762783 -0.001496 -3.011171
v 0.970844 -0.001496 -2.833333
v 1.078431 -0.001496 -2.403996
v 0.970844 -0.001496 -1.974659
v 0.762783 -0.001496 -1.796822
v 0.510426 -0.001496 -1.974659
v 0.402839 -0.001496 -2.403996
v 0.510426 -0.001496 -2.833333
v 0.762783 0.727621 -3.255598
v 0.926144 0.945309 -2.966897
v 1.067201 1.213464 -2.403996
v 0.926144 0.902586 -1.841096
v 0.762783 0.573819 -1.607935
v 0.422241 0.236328 -1.841096
v 0.281184 0.390130 -2.403996
v 0.422241 0.471304 -2.966897
v 0.762783 -2.800841 -3.733358
v 0.939094 -2.800841 -3.660328
v 1.012124 -2.800841 -3.484017
v 0.939094 -2.800841 -3.307706
v 0.762783 -2.800841 -3.234676
v 0.586472 -2.800841 -3.307706
v 0.513441 -2.800841 -3.484017
v 0.586472 -2.800841 -3.660328
v 0.762783 -2.916219 -3.538897
v 0.903569 -2.916219 -3.480581
v 0.961885 -2.916219 -3.339794
v 0.903569 -2.916219 -3.199008
v 0.762783 -2.916219 -3.140692
v 0.621996 -2.916219 -3.199008
v 0.563680 -2.916219 -3.339794
v 0.621996 -2.916219 -3.480581
v 0.762783 -3.124311 -3.542246
v 0.958385 -3.124311 -3.461225
v 1.039406 -3.124311 -3.265623
v 0.958385 -3.124311 -3.070021
v 0.762783 -3.124311 -2.988999
v 0.567180 -3.124311 -3.070021
v 0.486159 -3.124311 -3.265623
v 0.567180 -3.124311 -3.461225
v 0.762783 -3.303560 -3.563773
v 0.977977 -3.303560 -3.474636
v 1.067113 -3.303560 -3.259442
v 0.977977 -3.303560 -3.044248
v 0.762783 -3.303560 -2.955111
v 0.547588 -3.303560 -3.044248
v 0.458452 -3.303560 -3.259442
v 0.547588 -3.303560 -3.474636
v 0.549957 -2.623653 -3.484455
v 0.605843 -2.308751 -3.493594
v 0.605843 -1.759882 -3.397171
v 0.588749 -1.065141 -3.115561
v 0.520110 -0.453942 -2.504861
v 0.456633 -0.001496 -2.189328
v 0.351713 0.330318 -2.122546
v 0.549957 -2.800841 -3.395862
v 0.592838 -2.916219 -3.269401
v 0.526670 -3.124311 -3.167822
v 0.503020 -3.303560 -3.151845
v 0.975609 -2.623653 -3.660766
v 0.919722 -2.308751 -3.623607
v 0.919722 -1.759882 -3.527184
v 0.936816 -1.065141 -3.353875
v 1.005456 -0.453942 -2.837167
v 1.024637 -0.001496 -2.618665
v 0.996672 1.117837 -2.685447
v 0.975609 -2.800841 -3.572172
v 0.932727 -2.916219 -3.410188
v 0.998896 -3.124311 -3.363424
v 1.022545 -3.303560 -3.367039
v 0.870380 -3.303560 -3.304010
v 0.655185 -3.303560 -3.214874
v 0.158007 0.471304 -2.966897
v 0.087478 0.390130 -2.403996
v 0.158007 0.236328 -1.841096
v 0.122742 0.330318 -2.122546
v 0.220119 1.571800 -3.147564
v 0.207465 1.642516 -3.102956
v 0.166226 1.447713 -3.208140
v 0.696896 1.904119 -2.247396
v 0.626368 1.708094 -1.709609
v 0.544687 1.475354 -1.392231
v 0.220119 1.591579 -3.273656
v 0.805297 0.298196 -0.797142
v 0.434816 -0.140741 -0.738071
v 0.147351 -0.140741 -0.738071
v 0.568027 1.381526 -0.721403
v 0.805297 0.129014 -0.033257
v 0.434816 -0.263783 0.153983
v 0.147351 -0.263783 0.153983
v 0.568027 1.407160 -0.095940
v 0.645167 -2.657490 1.114837
v 0.645167 -2.340116 1.126626
v 0.788562 -2.657490 1.171464
v 0.750908 -2.340116 1.168383
v 0.847958 -2.657490 1.308176
v 0.794707 -2.340116 1.269195
v 0.788562 -2.657490 1.444887
v 0.750908 -2.340116 1.370007
v 0.645167 -2.657490 1.501514
v 0.645167 -2.340116 1.411765
v 0.501772 -2.657490 1.444887
v 0.539426 -2.340116 1.370007
v 0.442376 -2.657490 1.308176
v 0.495627 -2.340116 1.269195
v 0.501772 -2.657490 1.171464
v 0.539426 -2.340116 1.168383
v 0.645167 -2.822315 1.194976
v 0.802079 -2.822315 1.256942
v 0.867074 -2.822315 1.406540
v 0.802079 -2.822315 1.556138
v 0.645167 -2.822315 1.618104
v 0.488255 -2.822315 1.556138
v 0.423260 -2.822315 1.406540
v 0.488255 -2.822315 1.256942
v 0.645167 -2.932749 1.304419
v 0.814852 -2.932749 1.371428
v 0.885138 -2.932749 1.533204
v 0.814852 -2.932749 1.694980
v 0.645167 -2.932749 1.761990
v 0.475482 -2.932749 1.694980
v 0.405196 -2.932749 1.533204
v 0.475482 -2.932749 1.371428
v 0.645167 -3.133424 1.377329
v 0.847441 -3.133424 1.457208
v 0.931225 -3.133424 1.650054
v 0.847441 -3.133424 1.842899
v 0.645167 -3.133424 1.922779
v 0.442893 -3.133424 1.842899
v 0.359108 -3.133424 1.650054
v 0.442893 -3.133424 1.457208
v 0.645167 -3.278059 1.435829
v 0.846115 -3.278059 1.515184
v 0.929351 -3.278059 1.706767
v 0.846115 -3.278059 1.898348
v 0.645167 -3.278059 1.977705
v 0.444218 -3.278059 1.898348
v 0.360983 -3.278059 1.706767
v 0.444218 -3.278059 1.515184
v 0.472074 -2.657490 1.376531
v 0.517526 -2.340116 1.319601
v 0.455757 -2.822315 1.481339
v 0.440339 -2.932749 1.614091
v 0.401001 -3.133424 1.746477
v 0.402600 -3.278059 1.802557
v 0.818260 -2.657490 1.239820
v 0.772807 -2.340116 1.218789
v 0.834576 -2.822315 1.331740
v 0.849995 -2.932749 1.452316
v 0.889333 -3.133424 1.553631
v 0.887733 -3.278059 1.610975
v 0.745641 -3.278059 1.667088
v 0.544692 -3.278059 1.746444
v 0.645167 -1.740809 1.096261
v 0.762426 -1.740809 1.142567
v 0.810997 -1.740809 1.254361
v 0.762426 -1.740809 1.366155
v 0.645167 -1.740809 1.412461
v 0.527907 -1.740809 1.366155
v 0.479337 -1.740809 1.254361
v 0.527907 -1.740809 1.142567
v 0.503622 -1.740809 1.310257
v 0.786711 -1.740809 1.198463
v 0.645167 -1.470824 1.060500
v 0.799951 -1.470824 1.121625
v 0.864065 -1.470824 1.269195
v 0.799951 -1.470824 1.416765
v 0.645167 -1.470824 1.477890
v 0.490382 -1.470824 1.416765
v 0.426268 -1.470824 1.269195
v 0.490382 -1.470824 1.121625
v 0.458325 -1.470824 1.342979
v 0.832008 -1.470824 1.195410
v 0.645167 -1.105899 1.060500
v 0.799951 -1.105899 1.121625
v 0.864065 -1.105899 1.269195
v 0.799951 -1.105899 1.416765
v 0.645167 -1.105899 1.477890
v 0.490382 -1.105899 1.416765
v 0.426268 -1.105899 1.269195
v 0.490382 -1.105899 1.121625
v 0.458325 -1.105899 1.342979
v 0.832008 -1.105899 1.195410
v 0.645167 -0.669770 1.055705
v 0.871722 -0.669770 1.145173
v 0.965565 -0.669770 1.361168
v 0.871722 -0.669770 1.577164
v 0.645167 -0.669770 1.666631
v 0.418611 -0.669770 1.577164
v 0.324769 -0.669770 1.361168
v 0.418611 -0.669770 1.145173
v 0.371690 -0.669770 1.469165
v 0.918644 -0.669770 1.253170
v 0.645167 -0.162436 1.042893
v 0.942838 -0.162436 1.160444
v 1.066137 -0.162436 1.444240
v 0.942838 -0.162436 1.728036
v 0.645167 -0.162436 1.845587
v 0.347496 -0.162436 1.728036
v 0.224196 -0.162436 1.444240
v 0.347496 -0.162436 1.160444
v 0.285846 -0.162436 1.586137
v 1.004488 -0.162436 1.302341
v 0.810630 0.303362 0.963704
v 0.935878 0.303362 1.145291
v 1.053764 0.303362 1.583683
v 0.935878 0.303362 2.022077
v 0.651277 0.303362 2.155926
v 0.305093 0.185344 2.022077
v 0.155519 0.318547 2.028404
v 0.994821 0.303362 1.364486
v 0.789520 1.138286 0.749982
v 0.863778 1.447374 0.964477
v 1.003027 1.447374 1.482316
v 0.863778 1.138286 2.000155
v 0.651277 0.824047 2.214648
v 0.315100 0.824047 2.118023
v 0.154844 0.824047 2.247741
v 0.933402 1.519494 1.223394
v 0.568027 2.008841 0.769198
v 0.331187 2.454083 1.273950
v 0.555165 2.099610 1.735093
v 0.415916 1.764414 2.087618
v 0.526384 1.237387 2.161164
v 0.347725 1.227044 2.248922
v 0.114907 1.230595 2.318959
v 0.248238 1.589605 2.297338
v 0.114033 1.539762 2.391436
v 0.331908 3.240089 2.105901
v 0.553814 2.647669 2.094712
v 0.415575 2.123656 2.241307
v 0.197879 1.852321 2.402024
v 0.085378 1.762687 2.485957
v 0.305319 3.368261 2.668656
v 0.472852 2.788553 2.653691
v 0.391140 2.365933 2.697514
v 0.226094 2.175872 2.718123
v 0.107011 2.090765 2.727897
v 0.305319 3.426434 3.066771
v 0.472852 2.870481 2.901843
v 0.391140 2.450971 2.834464
v 0.226094 2.262075 2.805031
v 0.107011 2.177347 2.792379
v 0.225253 3.384134 3.494669
v 0.425288 2.823681 3.174213
v 0.357851 2.442275 2.986976
v 0.332322 2.270271 2.903534
v 0.213239 2.192958 2.866633
v 0.334981 3.006208 3.968798
v 0.398460 2.580734 3.415576
v 0.408424 2.229056 3.192530
v 0.334030 2.070187 3.057626
v 0.204205 1.998614 2.997627
v 0.311170 2.338930 3.989103
v 0.397162 2.174298 3.558990
v 0.356506 2.011819 3.304789
v 0.294507 1.938051 3.163617
v 0.235258 1.904594 3.100568
v 0.250475 1.832980 3.893341
v 0.314077 1.725883 3.597842
v 0.295875 1.620188 3.393241
v 0.259110 1.572200 3.322182
v 0.161468 1.550436 3.260392
v 0.243551 1.575186 3.851619
v 0.264890 1.496149 3.633543
v 0.254482 1.418147 3.482548
v 0.233460 1.382731 3.414773
v 0.151285 1.366669 3.384505
v 0.254491 1.381103 3.885767
v 0.285524 1.316128 3.627150
v 0.270388 1.259519 3.473742
v 0.243963 1.228720 3.422019
v 0.168722 1.213878 3.335001
v 0.161692 1.157226 3.802615
v 0.241360 1.102485 3.647073
v 0.236323 1.126099 3.519659
v 0.226151 1.074677 3.491737
v 0.189300 1.070690 3.414845
v 0.835347 -2.657490 1.279150
v 0.530127 -2.340116 1.348603
v 0.853274 -2.822315 1.374778
v 0.870215 -2.932749 1.498856
v 0.913436 -3.133424 1.609109
v 0.911679 -3.278059 1.666090
v 0.489161 -2.657490 1.415861
v 0.474455 -2.822315 1.524376
v 0.460559 -2.932749 1.660632
v 0.425104 -3.133424 1.801955
v 0.426546 -3.278059 1.857673
v 0.785407 -2.340116 1.247790
v 0.803451 -3.278059 1.800148
v 0.602502 -3.278059 1.879504
v 0.517595 -1.740809 1.342419
v 0.800684 -1.740809 1.230625
v 0.476770 -1.470824 1.385433
v 0.850453 -1.470824 1.237863
v 0.476770 -1.105899 1.385433
v 0.850453 -1.105899 1.237863
v 0.398687 -0.669770 1.531304
v 0.945640 -0.669770 1.315308
v 0.321317 -0.162436 1.667781
v 1.039959 -0.162436 1.383985
v 0.241579 0.241907 2.024764
v 1.028735 0.303362 1.490605
v 0.247050 0.824047 2.183770
v 0.973462 1.477999 1.372369
v 0.460056 2.250131 1.539277
v 0.248863 1.228552 2.278662
v 0.211173 1.568440 2.362202
v 0.459586 2.899230 2.099463
v 0.150108 1.814259 2.437665
v 0.401712 3.034716 2.660046
v 0.175528 2.139732 2.722273
v 0.401712 3.106556 2.971877
v 0.175528 2.226097 2.799659
v 0.402402 3.028912 3.310289
v 0.281755 2.237442 2.887865
v 0.522784 2.760355 3.648283
v 0.278902 2.039794 3.032148
v 0.408495 2.244205 3.751872
v 0.269348 1.923844 3.136844
v 0.287069 1.771359 3.723320
v 0.247846 1.562959 3.283991
v 0.255829 1.529711 3.726145
v 0.227020 1.375911 3.401921
v 0.272346 1.343718 3.736968
v 0.230449 1.222417 3.358900
v 0.234921 1.108818 3.696749
v 0.210503 1.072984 3.459087
v 0.210192 2.127401 2.910820
v 0.397427 2.370351 3.056315
v 0.332898 2.202777 2.955513
v 0.228240 3.281837 3.652938
v 0.390013 2.741728 3.282087
v 0.280793 2.170770 2.936535
v 0.408321 2.938321 3.439563
v 0.258288 3.367060 3.498209
v 0.377222 3.124994 3.419822
v 0.270706 3.303043 3.565496
v 0.390278 3.068640 3.474782
v 0.277350 3.413609 3.503708
v 0.459576 3.226144 3.482406
v 0.285672 3.366870 3.570995
v 0.484213 3.206195 3.537366
v 0.278556 3.466910 3.527873
v 0.606457 3.313850 3.607586
v 0.290162 3.418519 3.597313
v 0.585457 3.276000 3.650031
v 0.275070 3.579526 3.563039
v 0.615695 3.435140 3.657990
v 0.282818 3.541587 3.639923
v 0.596492 3.423308 3.730544
v 0.279749 3.737998 3.778338
v 0.559629 3.656548 3.790666
v 0.293346 3.697664 3.827749
v 0.535455 3.611283 3.823987
v 0.277472 3.789957 3.891132
v 0.409622 3.772906 3.899365
v 0.280159 3.762150 3.900767
v 0.405105 3.738656 3.912942
v 0.219732 1.951604 3.049098
v 0.375107 2.120438 3.248659
v 0.314269 2.004119 3.110621
v 0.440790 2.730816 4.057261
v 0.449654 2.377516 3.496319
v 0.274125 1.981819 3.084496
v 0.538171 2.502280 3.752858
v 0.714958 1.400490 -3.090652
v 0.544687 1.008483 -3.284386
v 0.661632 1.664053 -2.834576
v 0.207465 1.662295 -3.258718
v 0.166226 1.467493 -3.309509
v 0.275360 1.629996 -3.445965
v 0.255809 1.738440 -3.472609
v 0.192094 1.433244 -3.412629
v 0.375624 1.600265 -3.762500
v 0.341076 1.755934 -3.883769
v 0.228485 1.306999 -3.566681
v 0.462578 1.113133 -4.382268
v 0.411929 1.220343 -4.650958
v 0.246869 0.886997 -3.917384
v 0.462578 0.674786 -4.520313
v 0.411929 0.649105 -4.808459
v 0.246869 0.682954 -4.003410
v 0.462578 0.033216 -4.434261
v 0.411929 -0.056419 -4.709313
v 0.246869 0.157077 -3.932351
v 0.408930 -0.442087 -4.337856
v 0.369684 -0.475963 -4.559444
v 0.241783 -0.410628 -3.938509
v 0.341076 -0.992847 -4.341077
v 0.314830 -0.943885 -4.482769
v 0.229294 -1.098599 -4.094936
v 0.174955 -1.376460 -4.487754
v 0.159827 -1.348240 -4.569422
v 0.110526 -1.437414 -4.345883
v 0.081245 -1.663469 -4.786273
v 0.088223 -1.603422 -4.808946
v 0.035003 -1.711518 -4.749479
v -0.762783 -2.623653 -3.821952
v -0.762783 -2.308751 -3.742467
v -0.939094 -2.623653 -3.748922
v -0.892796 -2.308751 -3.688614
v -1.012124 -2.623653 -3.572611
v -0.946649 -2.308751 -3.558601
v -0.939094 -2.623653 -3.396300
v -0.892796 -2.308751 -3.428587
v -0.762783 -2.623653 -3.323269
v -0.762783 -2.308751 -3.374734
v -0.586472 -2.623653 -3.396300
v -0.632769 -2.308751 -3.428587
v -0.513441 -2.623653 -3.572611
v -0.578916 -2.308751 -3.558601
v -0.586472 -2.623653 -3.748922
v -0.632769 -2.308751 -3.688614
v -0.762783 -1.759882 -3.646044
v -0.892796 -1.759882 -3.592191
v -0.946649 -1.759882 -3.462178
v -0.892796 -1.759882 -3.332164
v -0.762783 -1.759882 -3.278311
v -0.632769 -1.759882 -3.332164
v -0.578916 -1.759882 -3.462178
v -0.632769 -1.759882 -3.592191
v -0.762783 -1.065141 -3.571744
v -0.906957 -1.065141 -3.473031
v -0.966675 -1.065141 -3.234718
v -0.906957 -1.065141 -2.996405
v -0.762783 -1.065141 -2.897692
v -0.618609 -1.065141 -2.996405
v -0.558890 -1.065141 -3.234718
v -0.618609 -1.065141 -3.473031
v -0.762783 -0.453942 -3.140964
v -0.963819 -0.453942 -3.003319
v -1.047091 -0.453942 -2.671014
v -0.963819 -0.453942 -2.338709
v -0.762783 -0.453942 -2.201064
v -0.561746 -0.453942 -2.338709
v -0.478474 -0.453942 -2.671014
v -0.561746 -0.453942 -3.003319
v -0.762783 -0.001496 -3.011171
v -0.970844 -0.001496 -2.833333
v -1.078431 -0.001496 -2.403996
v -0.970844 -0.001496 -1.974659
v -0.762783 -0.001496 -1.796822
v -0.510426 -0.001496 -1.974659
v -0.402839 -0.001496 -2.403996
v -0.510426 -0.001496 -2.833333
v -0.762783 0.727621 -3.255598
v -0.926144 0.945309 -2.966897
v -1.067201 1.213464 -2.403996
v -0.926144 0.902586 -1.841096
v -0.762783 0.573819 -1.607935
v -0.422241 0.236328 -1.841096
v -0.281184 0.390130 -2.403996
v -0.422241 0.471304 -2.966897
v -0.762783 -2.800841 -3.733358
v -0.939094 -2.800841 -3.660328
v -1.012124 -2.800841 -3.484017
v -0.939094 -2.800841 -3.307706
v -0.762783 -2.800841 -3.234676
v -0.586472 -2.800841 -3.307706
v -0.513441 -2.800841 -3.484017
v -0.586472 -2.800841 -3.660328
v -0.762783 -2.916219 -3.538897
v -0.903570 -2.916219 -3.480581
v -0.961885 -2.916219 -3.339794
v -0.903570 -2.916219 -3.199008
v -0.762783 -2.916219 -3.140692
v -0.621996 -2.916219 -3.199008
v -0.563680 -2.916219 -3.339794
v -0.621996 -2.916219 -3.480581
v -0.762783 -3.124311 -3.542246
v -0.958385 -3.124311 -3.461225
v -1.039406 -3.124311 -3.265623
v -0.958385 -3.124311 -3.070021
v -0.762783 -3.124311 -2.988999
v -0.567180 -3.124311 -3.070021
v -0.486159 -3.124311 -3.265623
v -0.567180 -3.124311 -3.461225
v -0.762783 -3.303560 -3.563773
v -0.977977 -3.303560 -3.474636
v -1.067113 -3.303560 -3.259442
v -0.977977 -3.303560 -3.044248
v -0.762783 -3.303560 -2.955111
v -0.547588 -3.303560 -3.044248
v -0.458452 -3.303560 -3.259442
v -0.547588 -3.303560 -3.474636
v -0.549957 -2.623653 -3.484455
v -0.605843 -2.308751 -3.493594
v -0.605843 -1.759882 -3.397171
v -0.588749 -1.065141 -3.115561
v -0.520110 -0.453942 -2.504861
v -0.456633 -0.001496 -2.189328
v -0.351713 0.330318 -2.122546
v -0.549957 -2.800841 -3.395862
v -0.592838 -2.916219 -3.269401
v -0.526670 -3.124311 -3.167822
v -0.503020 -3.303560 -3.151845
v -0.975609 -2.623653 -3.660766
v -0.919723 -2.308751 -3.623607
v -0.919723 -1.759882 -3.527184
v -0.936816 -1.065141 -3.353875
v -1.005456 -0.453942 -2.837167
v -1.024637 -0.001496 -2.618665
v -0.996673 1.117837 -2.685447
v -0.975609 -2.800841 -3.572172
v -0.932727 -2.916219 -3.410188
v -0.998896 -3.124311 -3.363424
v -1.022545 -3.303560 -3.367039
v -0.870380 -3.303560 -3.304010
v -0.655186 -3.303560 -3.214874
v -0.158007 0.471304 -2.966897
v -0.087478 0.390130 -2.403996
v -0.158007 0.236328 -1.841096
v -0.122743 0.330318 -2.122546
v -0.220119 1.571800 -3.147564
v -0.207465 1.642516 -3.102956
v -0.166226 1.447713 -3.208140
v -0.696896 1.904119 -2.247396
v -0.626368 1.708094 -1.709609
v -0.544687 1.475354 -1.392231
v -0.000000 0.236328 -1.841096
v -0.000000 0.390130 -2.403996
v -0.000000 0.471304 -2.966897
v -0.000000 0.330318 -2.122546
v -0.000000 1.394783 -3.224072
v -0.000000 2.000927 -1.176528
v -0.000000 2.137641 -1.578123
v -0.000000 2.218814 -2.090797
v -0.000000 1.698962 -3.149907
v -0.220119 1.591579 -3.273656
v -0.805297 0.298196 -0.797142
v -0.434816 -0.140741 -0.738071
v -0.147351 -0.140741 -0.738071
v -0.568027 1.381526 -0.721403
v -0.000000 -0.140741 -0.738071
v -0.000000 1.953308 -0.486735
v -0.805297 0.129014 -0.033257
v -0.434816 -0.263783 0.153983
v -0.147351 -0.263783 0.153983
v -0.568027 1.407160 -0.095940
v -0.000000 -0.263783 0.153983
v -0.000000 1.978941 0.138727
v -0.645167 -2.657490 1.114837
v -0.645167 -2.340116 1.126626
v -0.788562 -2.657490 1.171464
v -0.750908 -2.340116 1.168383
v -0.847958 -2.657490 1.308176
v -0.794707 -2.340116 1.269195
v -0.788562 -2.657490 1.444887
v -0.750908 -2.340116 1.370007
v -0.645167 -2.657490 1.501514
v -0.645167 -2.340116 1.411765
v -0.501772 -2.657490 1.444887
v -0.539426 -2.340116 1.370007
v -0.442376 -2.657490 1.308176
v -0.495627 -2.340116 1.269195
v -0.501772 -2.657490 1.171464
v -0.539426 -2.340116 1.168383
v -0.645167 -2.822315 1.194976
v -0.802079 -2.822315 1.256942
v -0.867074 -2.822315 1.406540
v -0.802079 -2.822315 1.556138
v -0.645167 -2.822315 1.618104
v -0.488255 -2.822315 1.556138
v -0.423260 -2.822315 1.406540
v -0.488255 -2.822315 1.256942
v -0.645167 -2.932749 1.304419
v -0.814852 -2.932749 1.371428
v -0.885138 -2.932749 1.533204
v -0.814852 -2.932749 1.694980
v -0.645167 -2.932749 1.761990
v -0.475482 -2.932749 1.694980
v -0.405196 -2.932749 1.533204
v -0.475482 -2.932749 1.371428
v -0.645167 -3.133424 1.377329
v -0.847441 -3.133424 1.457208
v -0.931225 -3.133424 1.650054
v -0.847441 -3.133424 1.842899
v -0.645167 -3.133424 1.922779
v -0.442893 -3.133424 1.842899
v -0.359109 -3.133424 1.650054
v -0.442893 -3.133424 1.457208
v -0.645167 -3.278059 1.435829
v -0.846116 -3.278059 1.515184
v -0.929351 -3.278059 1.706767
v -0.846116 -3.278059 1.898348
v -0.645167 -3.278059 1.977705
v -0.444218 -3.278059 1.898348
v -0.360983 -3.278059 1.706767
v -0.444218 -3.278059 1.515184
v -0.472074 -2.657490 1.376531
v -0.517526 -2.340116 1.319601
v -0.455757 -2.822315 1.481339
v -0.440339 -2.932749 1.614091
v -0.401001 -3.133424 1.746477
v -0.402601 -3.278059 1.802557
v -0.818260 -2.657490 1.239820
v -0.772807 -2.340116 1.218789
v -0.834577 -2.822315 1.331740
v -0.849995 -2.932749 1.452316
v -0.889333 -3.133424 1.553631
v -0.887733 -3.278059 1.610975
v -0.745641 -3.278059 1.667088
v -0.544693 -3.278059 1.746444
v -0.645167 -1.740809 1.096261
v -0.762426 -1.740809 1.142567
v -0.810997 -1.740809 1.254361
v -0.762426 -1.740809 1.366155
v -0.645167 -1.740809 1.412461
v -0.527907 -1.740809 1.366155
v -0.479337 -1.740809 1.254361
v -0.527907 -1.740809 1.142567
v -0.503622 -1.740809 1.310257
v -0.786712 -1.740809 1.198463
v -0.645167 -1.470824 1.060500
v -0.799951 -1.470824 1.121625
v -0.864065 -1.470824 1.269195
v -0.799951 -1.470824 1.416765
v -0.645167 -1.470824 1.477890
v -0.490382 -1.470824 1.416765
v -0.426268 -1.470824 1.269195
v -0.490382 -1.470824 1.121625
v -0.458325 -1.470824 1.342979
v -0.832008 -1.470824 1.195410
v -0.645167 -1.105899 1.060500
v -0.799951 -1.105899 1.121625
v -0.864065 -1.105899 1.269195
v -0.799951 -1.105899 1.416765
v -0.645167 -1.105899 1.477890
v -0.490382 -1.105899 1.416765
v -0.426268 -1.105899 1.269195
v -0.490382 -1.105899 1.121625
v -0.458325 -1.105899 1.342979
v -0.832008 -1.105899 1.195410
v -0.645167 -0.669770 1.055705
v -0.871722 -0.669770 1.145173
v -0.965565 -0.669770 1.361168
v -0.871722 -0.669770 1.577164
v -0.645167 -0.669770 1.666631
v -0.418611 -0.669770 1.577164
v -0.324769 -0.669770 1.361168
v -0.418611 -0.669770 1.145173
v -0.371690 -0.669770 1.469165
v -0.918644 -0.669770 1.253170
v -0.645167 -0.162436 1.042893
v -0.942838 -0.162436 1.160444
v -1.066137 -0.162436 1.444240
v -0.942838 -0.162436 1.728036
v -0.645167 -0.162436 1.845587
v -0.347496 -0.162436 1.728036
v -0.224197 -0.162436 1.444240
v -0.347496 -0.162436 1.160444
v -0.285846 -0.162436 1.586137
v -1.004488 -0.162436 1.302341
v -0.810630 0.303362 0.963704
v -0.935878 0.303362 1.145291
v -1.053764 0.303362 1.583683
v -0.935878 0.303362 2.022077
v -0.651277 0.303362 2.155926
v -0.305093 0.185344 2.022077
v -0.155519 0.318547 2.028404
v -0.994821 0.303362 1.364486
v -0.789520 1.138286 0.749982
v -0.863778 1.447374 0.964477
v -1.003027 1.447374 1.482316
v -0.863778 1.138286 2.000155
v -0.651277 0.824047 2.214648
v -0.315100 0.824047 2.118023
v -0.154844 0.824047 2.247741
v -0.933403 1.519494 1.223394
v -0.000000 -0.162436 1.160444
v -0.000000 -0.037226 1.444240
v -0.568027 2.008841 0.769198
v -0.000000 2.253080 0.519673
v -0.000000 2.727304 1.154108
v -0.331187 2.454083 1.273950
v -0.000000 -0.037226 1.575969
v -0.000000 0.369026 2.058235
v -0.000000 0.855899 2.309896
v -0.555165 2.099610 1.735093
v -0.415916 1.764414 2.087618
v -0.526384 1.237387 2.161164
v -0.347725 1.227044 2.248922
v -0.114907 1.230595 2.318959
v -0.000000 1.172760 2.341543
v -0.248238 1.589605 2.297338
v -0.114033 1.539762 2.391436
v -0.000000 1.522494 2.408616
v -0.000000 3.524072 2.190028
v -0.331908 3.240089 2.105901
v -0.553814 2.647669 2.094712
v -0.415576 2.123656 2.241307
v -0.197879 1.852321 2.402024
v -0.085379 1.762687 2.485957
v -0.000000 1.731895 2.498986
v -0.000000 3.581257 2.795799
v -0.305319 3.368261 2.668656
v -0.472852 2.788553 2.653691
v -0.391140 2.365933 2.697514
v -0.226094 2.175872 2.718123
v -0.107011 2.090765 2.727897
v -0.000000 2.046805 2.735542
v -0.000000 3.599126 3.244843
v -0.305319 3.426434 3.066771
v -0.472852 2.870481 2.901843
v -0.391140 2.450971 2.834464
v -0.226094 2.262075 2.805031
v -0.107011 2.177347 2.792379
v -0.000000 2.132911 2.788352
v -0.000000 3.419992 3.715496
v -0.225254 3.384134 3.494669
v -0.425288 2.823681 3.174213
v -0.357851 2.442275 2.986976
v -0.332322 2.270271 2.903534
v -0.213239 2.192958 2.866633
v -0.000000 2.151648 2.849773
v -0.000000 2.993692 4.138042
v -0.334981 3.006208 3.968798
v -0.398460 2.580734 3.415576
v -0.408424 2.229056 3.192530
v -0.334030 2.070187 3.057626
v -0.204205 1.998614 2.997627
v -0.000000 1.959593 2.968585
v -0.000000 2.305055 4.132615
v -0.311170 2.338930 3.989103
v -0.397162 2.174298 3.558990
v -0.356506 2.011819 3.304789
v -0.294507 1.938051 3.163617
v -0.235258 1.904594 3.100568
v -0.000000 1.885299 3.068792
v -0.000000 1.810944 4.025969
v -0.250475 1.832980 3.893341
v -0.314077 1.725883 3.597842
v -0.295875 1.620188 3.393241
v -0.259110 1.572200 3.322182
v -0.161468 1.550436 3.260392
v -0.000000 1.537885 3.239721
v -0.000000 1.558923 4.000175
v -0.243551 1.575186 3.851619
v -0.264890 1.496149 3.633543
v -0.254482 1.418147 3.482548
v -0.233460 1.382731 3.414773
v -0.151285 1.366669 3.384505
v -0.000000 1.357407 3.369250
v -0.000000 1.351097 3.995813
v -0.254491 1.381103 3.885767
v -0.285524 1.316128 3.627150
v -0.270388 1.259519 3.473742
v -0.243963 1.228720 3.422019
v -0.168722 1.213878 3.335001
v -0.000000 1.205062 3.319380
v -0.000000 1.124200 3.847719
v -0.161693 1.157226 3.802615
v -0.241360 1.102485 3.647073
v -0.236324 1.126099 3.519659
v -0.226151 1.074677 3.491737
v -0.189300 1.070690 3.414845
v -0.000000 1.091362 3.391840
v -0.000000 1.052398 3.698974
v -0.000000 1.085310 3.556269
v -0.000000 1.042607 3.526701
v -0.835347 -2.657490 1.279150
v -0.530127 -2.340116 1.348603
v -0.853274 -2.822315 1.374778
v -0.870215 -2.932749 1.498856
v -0.913436 -3.133424 1.609109
v -0.911679 -3.278059 1.666090
v -0.489161 -2.657490 1.415861
v -0.474455 -2.822315 1.524376
v -0.460559 -2.932749 1.660632
v -0.425104 -3.133424 1.801955
v -0.426546 -3.278059 1.857673
v -0.785408 -2.340116 1.247790
v -0.803451 -3.278059 1.800148
v -0.602502 -3.278059 1.879504
v -0.517595 -1.740809 1.342419
v -0.800685 -1.740809 1.230625
v -0.476770 -1.470824 1.385433
v -0.850453 -1.470824 1.237863
v -0.476770 -1.105899 1.385433
v -0.850453 -1.105899 1.237863
v -0.398687 -0.669770 1.531304
v -0.945640 -0.669770 1.315308
v -0.321317 -0.162436 1.667781
v -1.039959 -0.162436 1.383985
v -0.241579 0.241907 2.024764
v -1.028735 0.303362 1.490605
v -0.247050 0.824047 2.183770
v -0.973462 1.477999 1.372369
v -0.460056 2.250131 1.539277
v -0.248863 1.228552 2.278662
v -0.211173 1.568440 2.362202
v -0.459586 2.899230 2.099463
v -0.150108 1.814259 2.437665
v -0.401712 3.034716 2.660046
v -0.175528 2.139732 2.722273
v -0.401712 3.106556 2.971877
v -0.175528 2.226097 2.799659
v -0.402402 3.028912 3.310289
v -0.281756 2.237442 2.887865
v -0.522784 2.760355 3.648283
v -0.278902 2.039794 3.032148
v -0.408495 2.244205 3.751872
v -0.269348 1.923844 3.136844
v -0.287069 1.771359 3.723320
v -0.247846 1.562959 3.283991
v -0.255829 1.529711 3.726145
v -0.227020 1.375911 3.401921
v -0.272346 1.343718 3.736968
v -0.230449 1.222417 3.358900
v -0.234921 1.108818 3.696749
v -0.210503 1.072984 3.459087
v -0.000000 1.082888 3.762136
v -0.000000 1.053492 3.489582
v -0.210192 2.127401 2.910820
v -0.000000 2.086863 2.889851
v -0.397427 2.370351 3.056315
v -0.332898 2.202777 2.955513
v -0.228240 3.281837 3.652938
v -0.390013 2.741728 3.282087
v -0.000000 3.299542 3.888286
v -0.280793 2.170770 2.936535
v -0.408321 2.938321 3.439563
v -0.258288 3.367060 3.498209
v -0.377222 3.124994 3.419822
v -0.270706 3.303043 3.565496
v -0.390278 3.068640 3.474782
v -0.277350 3.413609 3.503708
v -0.459576 3.226144 3.482406
v -0.285672 3.366870 3.570995
v -0.484213 3.206195 3.537366
v -0.278556 3.466910 3.527873
v -0.606457 3.313850 3.607586
v -0.290162 3.418519 3.597313
v -0.585457 3.276000 3.650031
v -0.275071 3.579526 3.563039
v -0.615695 3.435140 3.657990
v -0.282818 3.541587 3.639923
v -0.596492 3.423308 3.730544
v -0.279750 3.737998 3.778338
v -0.559629 3.656548 3.790666
v -0.293346 3.697664 3.827749
v -0.535455 3.611283 3.823987
v -0.277472 3.789957 3.891132
v -0.409622 3.772906 3.899365
v -0.280159 3.762150 3.900767
v -0.405105 3.738656 3.912942
v -0.219732 1.951604 3.049098
v -0.000000 1.922446 3.018688
v -0.375107 2.120438 3.248659
v -0.314269 2.004119 3.110621
v -0.440790 2.730816 4.057261
v -0.449654 2.377516 3.496319
v -0.000000 2.683987 4.207502
v -0.274125 1.981819 3.084496
v -0.538171 2.502280 3.752858
v -0.714958 1.400490 -3.090652
v -0.544687 1.008483 -3.284386
v -0.661632 1.664053 -2.834576
v -0.000000 0.913383 -3.313175
v -0.000000 1.886669 -2.983705
v -0.207465 1.662295 -3.258718
v -0.166226 1.467493 -3.309509
v -0.000000 1.414563 -3.335330
v -0.000000 1.718742 -3.251275
v -0.275360 1.629996 -3.445965
v -0.255809 1.738440 -3.472609
v -0.192094 1.433244 -3.412629
v -0.000000 1.342255 -3.413062
v -0.000000 1.821994 -3.500114
v -0.375624 1.600265 -3.762500
v -0.341076 1.755934 -3.883769
v -0.228486 1.306999 -3.566681
v -0.000000 1.159933 -3.501687
v -0.000000 1.870835 -3.988456
v -0.462578 1.113133 -4.382268
v -0.411929 1.220343 -4.650958
v -0.246869 0.886997 -3.917384
v -0.000000 0.749013 -3.726273
v -0.000000 1.288242 -4.868486
v -0.462578 0.674786 -4.520313
v -0.411929 0.649105 -4.808459
v -0.246869 0.682954 -4.003410
v -0.000000 0.646144 -3.770584
v -0.000000 0.611455 -5.033206
v -0.462578 0.033216 -4.434261
v -0.411929 -0.056419 -4.709313
v -0.246869 0.157077 -3.932351
v -0.000000 0.173409 -3.697200
v -0.000000 -0.143504 -4.919895
v -0.408930 -0.442087 -4.337856
v -0.369684 -0.475963 -4.559444
v -0.241783 -0.410628 -3.938509
v -0.000000 -0.427769 -3.756663
v -0.000000 -0.516012 -4.731421
v -0.341076 -0.992847 -4.341077
v -0.314830 -0.943885 -4.482769
v -0.229294 -1.098599 -4.094936
v -0.000000 -1.165377 -3.992654
v -0.000000 -0.847585 -4.648698
v -0.174955 -1.376460 -4.487754
v -0.159827 -1.348240 -4.569422
v -0.110526 -1.437414 -4.345883
v -0.000000 -1.475904 -4.286930
v -0.000000 -1.269549 -4.671257
v -0.081245 -1.663469 -4.786273
v -0.088224 -1.603422 -4.808946
v -0.035004 -1.711518 -4.749479
v -0.000000 -1.724994 -4.737052
v -0.000000 -1.599525 -4.851765
v -0.000000 -1.738629 -5.059164
vn 0.3727 0.2271 -0.8997
vn 0.9043 0.2047 -0.3746
vn 0.9100 0.1724 0.3770
vn 0.3784 0.1493 0.9135
vn -0.3784 0.1493 0.9135
vn -0.9100 0.1724 0.3770
vn 0.9218 0.0671 -0.3818
vn -0.9043 0.2047 -0.3746
vn -0.3727 0.2271 -0.8997
vn 0.9074 0.1879 0.3759
vn -0.9447 -0.1507 0.2913
vn -0.3777 -0.1602 0.9119
vn -0.3777 0.1602 -0.9119
vn 0.3777 0.1602 -0.9119
vn 0.9218 -0.0671 0.3818
vn -0.9218 -0.0671 0.3818
vn 0.3777 -0.1602 0.9119
vn -0.9218 0.0671 -0.3818
vn 0.4884 0.5027 -0.7133
vn 0.4425 -0.4145 0.7952
vn 0.9548 0.0405 -0.2944
vn -0.9544 0.0499 -0.2943
vn -0.4425 -0.4145 0.7952
vn 0.9460 -0.1415 0.2917
vn 0.4829 0.1159 -0.8679
vn -0.4829 0.1159 -0.8679
vn -0.9698 -0.0187 -0.2430
vn -0.4884 0.5027 -0.7133
vn -0.9150 -0.3319 0.2293
vn 0.4115 -0.6851 0.6011
vn 0.9655 0.0961 -0.2419
vn -0.9655 0.0961 -0.2419
vn -0.4115 -0.6851 0.6011
vn 0.9150 -0.3319 0.2293
vn 0.9691 0.0102 -0.2464
vn -0.4615 -0.5893 0.6632
vn 0.9492 -0.2061 0.2379
vn 0.5914 0.2495 -0.7668
vn -0.5554 0.2330 -0.7983
vn -0.9277 -0.2923 0.2325
vn 0.5057 -0.5607 0.6557
vn 0.9672 0.0760 -0.2424
vn 0.6451 0.2249 -0.7303
vn -0.9300 -0.2651 -0.2547
vn -0.3733 -0.3767 0.8478
vn 0.9692 0.0101 0.2460
vn 0.8021 -0.1110 -0.5868
vn -0.5104 -0.2918 -0.8089
vn -0.9164 -0.3670 0.1601
vn 0.7798 -0.1107 0.6161
vn 0.9212 0.0759 0.3816
vn -0.9074 0.1879 0.3759
vn 0.3474 0.4194 0.8387
vn -0.9074 -0.1879 -0.3759
vn 0.9074 -0.1879 -0.3759
vn -0.3474 0.4194 0.8387
vn -0.3474 -0.4194 -0.8387
vn 0.3474 -0.4194 -0.8387
vn -0.9046 0.2034 -0.3747
vn 0.2068 -0.8414 -0.4992
vn -0.2068 -0.8414 -0.4992
vn -0.9212 0.0759 0.3816
vn 0.3058 0.6013 0.7382
vn 0.6934 -0.6609 -0.2872
vn -0.6933 -0.6609 -0.2872
vn -0.3058 0.6013 0.7382
vn 0.3770 0.1721 0.9101
vn -0.3174 0.5586 0.7663
vn 0.8327 0.4332 0.3449
vn 0.3826 0.0149 -0.9238
vn -0.3826 0.0149 -0.9238
vn -0.8327 0.4332 0.3449
vn 0.3174 0.5586 0.7663
vn 0.9046 0.2034 -0.3747
vn -0.0000 -1.0000 -0.0000
vn 0.9162 0.1285 -0.3795
vn -0.9162 0.1285 -0.3795
vn -0.3770 0.1721 0.9101
vn 0.9128 0.1541 0.3781
vn 0.3803 0.1103 -0.9182
vn -0.3803 0.1103 -0.9182
vn -0.9128 0.1541 0.3781
vn -0.9305 -0.3095 0.1959
vn -0.9472 -0.1323 0.2921
vn -0.9100 0.1724 0.3769
vn 0.6933 -0.6609 -0.2872
vn 0.9695 0.0093 -0.2447
vn 0.9539 0.0594 -0.2941
vn 0.2466 0.9579 0.1474
vn 0.6469 0.6459 0.4054
vn 0.8851 0.3340 0.3240
vn 0.8318 0.4761 -0.2853
vn -0.0000 -0.9485 -0.3168
vn -0.0000 -0.9782 -0.2079
vn -0.0000 -0.9898 -0.1427
vn -0.2163 -0.4598 -0.8613
vn 0.8625 0.3791 -0.3352
vn 0.8387 0.1478 0.5241
vn 0.5155 0.8194 0.2508
vn 0.3435 0.8732 -0.3458
vn 0.1123 -0.5875 -0.8014
vn 0.9858 0.1666 0.0234
vn -0.0000 -0.9462 -0.3235
vn 0.9750 0.2219 0.0120
vn 0.7425 -0.6272 -0.2353
vn 0.7132 0.6984 0.0604
vn -0.0000 -0.9906 -0.1366
vn 0.9802 0.1969 0.0203
vn 0.7234 -0.6800 -0.1200
vn 0.7031 0.7105 -0.0291
vn 0.3671 0.0345 -0.9295
vn 0.9122 0.1044 -0.3963
vn 0.8989 0.1988 0.3905
vn 0.3552 0.2544 0.8995
vn -0.3552 0.2544 0.8995
vn -0.8989 0.1988 0.3905
vn -0.9122 0.1044 -0.3963
vn -0.3671 0.0345 -0.9295
vn 0.8672 0.3254 0.3768
vn 0.7840 0.5189 0.3406
vn -0.8672 0.3254 0.3768
vn 0.3069 0.5496 0.7770
vn -0.9094 -0.1303 -0.3951
vn 0.9094 -0.1303 -0.3951
vn -0.3069 0.5496 0.7770
vn -0.3347 -0.4120 -0.8475
vn 0.3347 -0.4120 -0.8475
vn -0.9170 -0.0214 -0.3984
vn 0.2701 -0.6778 -0.6839
vn -0.2701 -0.6778 -0.6839
vn -0.7840 0.5189 0.3406
vn 0.2338 0.7713 0.5920
vn 0.8768 -0.2935 -0.3809
vn -0.8768 -0.2935 -0.3809
vn -0.2338 0.7713 0.5920
vn 0.3463 0.3331 0.8770
vn -0.2945 0.5976 0.7458
vn 0.8387 0.4048 0.3644
vn 0.3480 -0.3201 -0.8811
vn -0.3480 -0.3201 -0.8811
vn -0.8387 0.4048 0.3644
vn 0.2945 0.5976 0.7458
vn 0.9170 -0.0214 -0.3984
vn 0.9045 -0.1658 -0.3930
vn -0.9045 -0.1658 -0.3930
vn -0.3463 0.3330 0.8770
vn 0.9078 0.1429 0.3944
vn 0.3438 -0.3521 -0.8705
vn -0.3438 -0.3521 -0.8705
vn -0.9078 0.1429 0.3944
vn 0.9166 -0.0348 -0.3982
vn -0.9171 -0.0151 0.3984
vn -0.3673 -0.0011 0.9301
vn 0.3673 -0.0011 0.9301
vn 0.3669 -0.0471 -0.9291
vn 0.9171 -0.0151 0.3984
vn -0.3669 -0.0471 -0.9291
vn -0.9166 -0.0348 -0.3982
vn 0.8990 -0.1982 0.3906
vn 0.9059 -0.1564 -0.3936
vn -0.9059 -0.1564 -0.3936
vn 0.3583 -0.2199 0.9073
vn 0.3645 -0.1223 -0.9231
vn -0.3645 -0.1223 -0.9231
vn -0.3583 -0.2199 0.9073
vn -0.8990 -0.1982 0.3906
vn -0.9172 -0.0000 0.3985
vn 0.9172 -0.0000 0.3985
vn 0.9172 -0.0000 -0.3985
vn -0.3673 -0.0000 0.9301
vn 0.3673 -0.0000 0.9301
vn 0.3673 -0.0000 -0.9301
vn -0.3673 -0.0000 -0.9301
vn 0.8791 -0.2851 0.3819
vn 0.9096 -0.1284 -0.3952
vn 0.9096 -0.1283 -0.3952
vn -0.8791 -0.2851 0.3819
vn 0.3673 -0.0102 -0.9301
vn -0.3673 -0.0102 -0.9301
vn -0.9172 -0.0000 -0.3985
vn 0.3672 -0.0235 -0.9298
vn -0.3672 -0.0235 -0.9298
vn -0.9110 -0.1158 -0.3958
vn -0.8904 -0.2399 0.3868
vn -0.3490 -0.3117 0.8838
vn 0.3407 -0.3734 0.8628
vn -0.3407 -0.3734 0.8628
vn -0.9096 -0.1283 -0.3952
vn 0.3406 -0.5115 0.7889
vn 0.9409 -0.1267 0.3142
vn 0.9456 0.0784 -0.3158
vn 0.9480 0.0329 -0.3166
vn -0.8904 -0.2399 0.3869
vn 0.9110 -0.1158 -0.3958
vn 0.8904 -0.2399 0.3868
vn 0.3490 -0.3117 0.8838
vn 0.9648 0.0188 -0.2623
vn 0.9876 0.1056 -0.1161
vn 0.9050 -0.0418 -0.4233
vn 0.3861 -0.1933 0.9020
vn -0.1974 -0.5903 0.7827
vn -0.6685 -0.5458 0.5052
vn 0.5682 -0.1780 -0.8034
vn 0.9662 0.0193 -0.2569
vn 0.9563 0.0769 0.2820
vn 0.5704 0.0080 0.8213
vn -0.2110 -0.9632 0.1667
vn -0.0000 -0.9950 0.1002
vn -0.2983 -0.1237 0.9464
vn 0.0205 -0.9946 0.1019
vn 0.8455 -0.5336 -0.0187
vn 0.5114 0.7030 -0.4941
vn 0.9319 0.2430 -0.2691
vn 0.8540 0.4980 -0.1504
vn 0.5767 0.6902 -0.4371
vn -0.4401 -0.8924 0.0992
vn -0.2557 -0.7153 0.6504
vn 0.1523 -0.4237 0.8929
vn 0.8360 0.5485 -0.0159
vn 0.7548 0.3881 0.5288
vn 0.4738 0.2333 0.8492
vn -0.0152 -0.0961 0.9953
vn 0.4784 -0.2553 0.8402
vn 0.3079 -0.1173 0.9442
vn 0.5917 0.1620 0.7897
vn 0.3036 -0.2056 0.9303
vn 0.2313 -0.2013 0.9518
vn 0.9512 -0.1507 0.2694
vn 0.7779 -0.0514 0.6263
vn 0.5599 0.6320 -0.5358
vn 0.9106 0.2877 -0.2968
vn 0.7832 -0.1830 0.5943
vn 0.2258 -0.3704 0.9010
vn 0.3050 -0.5751 0.7591
vn 0.7819 -0.5047 0.3660
vn 0.9490 0.3154 -0.0027
vn 0.6352 -0.5523 0.5400
vn 0.9666 -0.1900 0.1721
vn 0.5873 0.8014 -0.1138
vn 0.9778 -0.1921 0.0833
vn 0.5046 0.8599 -0.0772
vn 0.2389 -0.5456 0.8033
vn 0.6672 -0.5917 0.4526
vn 0.9555 0.2903 -0.0532
vn 0.4349 -0.6209 0.6522
vn 0.5104 0.8233 0.2484
vn 0.2557 -0.9657 0.0443
vn 0.8853 -0.3868 -0.2580
vn 0.9364 0.3187 0.1469
vn 0.5442 -0.6307 -0.5532
vn 0.9616 -0.2278 0.1532
vn 0.2017 -0.5351 -0.8204
vn 0.9398 -0.1997 -0.2773
vn 0.8695 0.4906 0.0576
vn 0.5630 -0.4970 -0.6603
vn 0.9988 0.0405 -0.0266
vn 0.4389 0.6666 0.6025
vn 0.1675 -0.7464 -0.6440
vn 0.9277 -0.3218 -0.1890
vn 0.7844 -0.3662 0.5005
vn 0.6906 -0.5426 -0.4781
vn 0.9722 -0.2326 -0.0287
vn 0.3754 -0.2298 0.8979
vn 0.1522 -0.4345 -0.8877
vn 0.9267 -0.2174 -0.3065
vn 0.9001 -0.2156 0.3787
vn 0.8811 -0.2403 -0.4073
vn 0.9847 -0.1723 -0.0256
vn 0.4482 -0.2034 0.8705
vn 0.9361 -0.2668 -0.2293
vn 0.9769 -0.0898 0.1941
vn 0.9360 -0.2526 -0.2452
vn 0.9798 -0.1987 0.0238
vn 0.4981 -0.1205 0.8587
vn 0.1329 -0.5689 -0.8116
vn 0.9931 0.0817 0.0844
vn 0.9613 0.0744 -0.2653
vn 0.9848 0.1122 -0.1323
vn 0.4537 0.0781 0.8877
vn 0.0737 0.3126 -0.9470
vn 0.9107 0.0790 -0.4054
vn 0.9518 -0.2457 -0.1837
vn 0.9702 -0.1836 0.1584
vn 0.8383 -0.3503 0.4178
vn 0.6094 -0.4145 -0.6758
vn 0.9291 -0.2618 -0.2611
vn 0.2245 -0.9225 0.3139
vn 0.1461 -0.9677 -0.2052
vn 0.2104 -0.5260 0.8240
vn -0.0074 -0.9702 -0.2420
vn 0.0936 -0.9841 -0.1507
vn 0.2601 -0.8323 0.4895
vn 0.9728 -0.2275 -0.0432
vn 0.0761 -0.5040 -0.8603
vn 0.2397 0.2957 -0.9247
vn 0.9917 0.1016 0.0783
vn 0.2738 -0.5417 -0.7948
vn 0.9658 -0.1474 0.2132
vn 0.4903 -0.3982 -0.7753
vn 0.9689 -0.2137 0.1251
vn 0.6995 -0.4650 -0.5426
vn 0.9271 -0.3721 -0.0448
vn 0.5609 -0.4871 -0.6694
vn 0.9402 -0.0031 -0.3407
vn 0.5325 -0.6002 -0.5968
vn 0.9814 0.1588 0.1077
vn 0.4050 -0.5799 0.7069
vn 0.9525 0.2938 -0.0807
vn 0.6260 -0.5161 0.5846
vn 0.9485 0.3142 0.0400
vn 0.9026 0.2631 -0.3407
vn 0.5043 -0.2074 0.8382
vn 0.5748 -0.0413 0.8173
vn 0.4118 -0.1642 0.8964
vn 0.8281 0.5605 -0.0056
vn 0.9663 0.0199 -0.2568
vn -0.6664 -0.5805 0.4679
vn 0.2116 -0.3219 0.9228
vn 0.9431 0.1071 -0.3149
vn 0.9950 -0.0513 0.0858
vn 0.5415 -0.4941 -0.6802
vn 0.5484 0.6961 0.4634
vn 0.9970 -0.0449 -0.0631
vn 0.5446 -0.5043 -0.6701
vn 0.5051 0.7107 0.4896
vn 0.9300 -0.0491 -0.3642
vn 0.1775 -0.5372 -0.8246
vn 0.8003 -0.3278 -0.5020
vn 0.7184 0.5458 -0.4313
vn 0.7855 0.0847 0.6131
vn 0.9853 0.1676 0.0322
vn -0.3644 -0.5460 0.7544
vn 0.1539 0.3245 -0.9333
vn -0.0165 -0.3122 0.9499
vn -0.9071 0.2456 0.3419
vn -0.9934 -0.0745 0.0874
vn -0.9906 -0.0118 0.1362
vn 0.7246 -0.5805 -0.3715
vn 0.3894 0.4451 -0.8064
vn 0.9163 0.0422 0.3982
vn 0.9492 -0.1928 0.2486
vn 0.3676 0.3115 -0.8763
vn -0.3636 -0.3820 0.8497
vn -0.2313 -0.7228 0.6512
vn 0.3542 0.6573 -0.6652
vn -0.3399 -0.6247 0.7030
vn -0.9896 -0.0928 0.1097
vn -0.0190 0.3508 0.9363
vn -0.9794 -0.1975 0.0422
vn 0.6682 0.1841 0.7208
vn 0.2261 0.8442 -0.4861
vn 0.9218 -0.0224 -0.3870
vn 0.6111 -0.5240 -0.5932
vn 0.3432 0.3021 0.8894
vn 0.9910 -0.0018 -0.1336
vn 0.6120 -0.5788 -0.5389
vn 0.9348 0.2877 0.2082
vn 0.9304 -0.3502 -0.1080
vn 0.2087 -0.7372 -0.6427
vn 0.3691 -0.4832 0.7939
vn 0.2248 0.3504 -0.9092
vn 0.3338 0.6660 -0.6671
vn 0.0231 0.1859 -0.9823
vn 0.3586 0.6377 -0.6818
vn 0.3185 -0.9319 -0.1734
vn 0.9243 -0.3760 -0.0654
vn 0.2863 -0.8070 0.5164
vn 0.8882 -0.3817 0.2558
vn 0.9333 0.1878 0.3060
vn 0.2536 0.8927 0.3726
vn 0.9203 0.3169 0.2293
vn 0.9005 -0.2607 0.3479
vn 0.4144 -0.5319 0.7385
vn 0.2944 0.9507 0.0980
vn 0.4010 0.7659 -0.5026
vn 0.9718 0.2287 -0.0581
vn 0.9180 -0.2351 0.3194
vn 0.6158 -0.4392 0.6541
vn 0.4676 0.2210 -0.8559
vn 0.9839 0.0502 -0.1716
vn 0.9180 -0.1306 0.3744
vn 0.6805 -0.2864 0.6745
vn 0.4783 -0.1264 -0.8690
vn 0.9848 -0.0237 -0.1723
vn 0.9220 0.0516 0.3837
vn 0.6818 0.1047 0.7240
vn 0.4563 -0.3700 -0.8093
vn 0.9794 -0.1439 -0.1415
vn 0.9192 -0.0177 0.3935
vn 0.6485 -0.0455 0.7599
vn 0.5323 -0.2290 0.8150
vn 0.4196 -0.2051 -0.8842
vn 0.9748 -0.1305 -0.1812
vn 0.9170 -0.1089 0.3837
vn 0.8689 -0.4528 0.2001
vn 0.4857 -0.6125 0.6237
vn 0.4972 0.0214 -0.8674
vn 0.9168 -0.2933 -0.2712
vn 0.8351 -0.5099 0.2062
vn 0.4824 -0.7652 0.4263
vn 0.5572 0.4381 -0.7054
vn 0.9765 -0.1207 -0.1784
vn 0.7474 0.4375 -0.5000
vn 0.6043 -0.7968 0.0015
vn 0.9447 -0.1507 0.2913
vn -0.9548 0.0405 -0.2944
vn 0.9544 0.0499 -0.2943
vn -0.9460 -0.1415 0.2917
vn 0.9698 -0.0187 -0.2430
vn -0.9691 0.0102 -0.2464
vn 0.4615 -0.5893 0.6632
vn -0.9492 -0.2061 0.2379
vn -0.5914 0.2495 -0.7668
vn 0.5554 0.2330 -0.7983
vn 0.9277 -0.2923 0.2325
vn -0.5057 -0.5607 0.6557
vn -0.9672 0.0760 -0.2424
vn -0.6451 0.2249 -0.7303
vn 0.9300 -0.2651 -0.2547
vn 0.3733 -0.3767 0.8478
vn -0.9692 0.0101 0.2460
vn -0.8021 -0.1110 -0.5868
vn 0.5104 -0.2918 -0.8089
vn 0.9164 -0.3670 0.1601
vn -0.7798 -0.1107 0.6161
vn -0.6934 -0.6609 -0.2872
vn 0.9305 -0.3095 0.1959
vn 0.9472 -0.1323 0.2921
vn 0.9100 0.1724 0.3769
vn -0.9695 0.0093 -0.2447
vn -0.9539 0.0594 -0.2941
vn -0.2466 0.9579 0.1474
vn -0.6469 0.6459 0.4054
vn -0.8851 0.3340 0.3240
vn -0.8318 0.4761 -0.2853
vn 0.2163 -0.4598 -0.8613
vn -0.8625 0.3791 -0.3352
vn -0.8387 0.1478 0.5241
vn -0.5155 0.8194 0.2508
vn -0.3435 0.8732 -0.3458
vn -0.1123 -0.5875 -0.8014
vn -0.9858 0.1666 0.0234
vn -0.9750 0.2219 0.0120
vn -0.7425 -0.6272 -0.2353
vn -0.7132 0.6984 0.0604
vn -0.9802 0.1969 0.0203
vn -0.7234 -0.6800 -0.1200
vn -0.7031 0.7105 -0.0291
vn -0.3463 0.3331 0.8770
vn 0.3463 0.3330 0.8770
vn -0.9096 -0.1284 -0.3952
vn -0.3406 -0.5115 0.7889
vn -0.9409 -0.1267 0.3142
vn -0.9456 0.0784 -0.3158
vn -0.9480 0.0329 -0.3166
vn 0.8904 -0.2399 0.3869
vn -0.9648 0.0188 -0.2623
vn -0.9876 0.1056 -0.1161
vn -0.9050 -0.0418 -0.4233
vn -0.3861 -0.1933 0.9020
vn 0.1974 -0.5903 0.7827
vn 0.6685 -0.5458 0.5052
vn -0.5682 -0.1780 -0.8034
vn -0.9662 0.0193 -0.2569
vn -0.9563 0.0769 0.2820
vn -0.5704 0.0080 0.8213
vn 0.2110 -0.9632 0.1667
vn 0.2983 -0.1237 0.9464
vn -0.0205 -0.9946 0.1019
vn -0.8455 -0.5336 -0.0187
vn -0.5114 0.7030 -0.4941
vn -0.9319 0.2430 -0.2691
vn -0.8540 0.4980 -0.1504
vn -0.5767 0.6902 -0.4371
vn 0.4401 -0.8924 0.0992
vn 0.2557 -0.7153 0.6504
vn -0.1523 -0.4237 0.8929
vn -0.8360 0.5485 -0.0159
vn -0.7548 0.3881 0.5288
vn -0.4738 0.2333 0.8492
vn 0.0152 -0.0961 0.9953
vn -0.4784 -0.2553 0.8402
vn -0.3079 -0.1173 0.9442
vn -0.5917 0.1620 0.7897
vn -0.3036 -0.2056 0.9303
vn -0.2313 -0.2013 0.9518
vn -0.9512 -0.1507 0.2694
vn -0.7779 -0.0514 0.6263
vn -0.5599 0.6320 -0.5358
vn -0.9106 0.2877 -0.2968
vn -0.7832 -0.1830 0.5943
vn -0.2258 -0.3704 0.9010
vn -0.3050 -0.5751 0.7591
vn -0.7819 -0.5047 0.3660
vn -0.9490 0.3154 -0.0027
vn -0.6352 -0.5523 0.5400
vn -0.9666 -0.1900 0.1721
vn -0.5873 0.8014 -0.1138
vn -0.9778 -0.1921 0.0833
vn -0.5046 0.8599 -0.0772
vn -0.2389 -0.5456 0.8033
vn -0.6672 -0.5917 0.4526
vn -0.9555 0.2903 -0.0532
vn -0.4349 -0.6209 0.6522
vn -0.5104 0.8233 0.2484
vn -0.2557 -0.9657 0.0443
vn -0.8853 -0.3868 -0.2580
vn -0.9364 0.3187 0.1469
vn -0.5442 -0.6307 -0.5532
vn -0.9616 -0.2278 0.1532
vn -0.2017 -0.5351 -0.8204
vn -0.9398 -0.1997 -0.2773
vn -0.8695 0.4906 0.0576
vn -0.5630 -0.4970 -0.6603
vn -0.9988 0.0405 -0.0266
vn -0.4389 0.6666 0.6025
vn -0.1675 -0.7464 -0.6440
vn -0.9277 -0.3218 -0.1890
vn -0.7844 -0.3662 0.5005
vn -0.6906 -0.5426 -0.4781
vn -0.9722 -0.2326 -0.0287
vn -0.3754 -0.2298 0.8979
vn -0.1522 -0.4345 -0.8877
vn -0.9267 -0.2174 -0.3065
vn -0.9001 -0.2156 0.3787
vn -0.8811 -0.2403 -0.4073
vn -0.9847 -0.1723 -0.0256
vn -0.4482 -0.2034 0.8705
vn -0.9361 -0.2668 -0.2293
vn -0.9769 -0.0898 0.1941
vn -0.9360 -0.2526 -0.2452
vn -0.9798 -0.1987 0.0238
vn -0.4981 -0.1205 0.8587
vn -0.1329 -0.5689 -0.8116
vn -0.9931 0.0817 0.0844
vn -0.9613 0.0744 -0.2653
vn -0.9848 0.1122 -0.1323
vn -0.4537 0.0781 0.8877
vn -0.0737 0.3126 -0.9470
vn -0.9107 0.0790 -0.4054
vn -0.9518 -0.2457 -0.1837
vn -0.9702 -0.1836 0.1584
vn -0.8383 -0.3503 0.4178
vn -0.6094 -0.4145 -0.6758
vn -0.9291 -0.2618 -0.2611
vn -0.2245 -0.9225 0.3139
vn -0.1461 -0.9677 -0.2052
vn -0.2104 -0.5260 0.8240
vn 0.0074 -0.9702 -0.2420
vn -0.0936 -0.9841 -0.1507
vn -0.2601 -0.8323 0.4895
vn -0.9728 -0.2275 -0.0432
vn -0.0761 -0.5040 -0.8603
vn -0.2397 0.2957 -0.9247
vn -0.9917 0.1016 0.0783
vn -0.2738 -0.5417 -0.7948
vn -0.9658 -0.1474 0.2132
vn -0.4903 -0.3982 -0.7753
vn -0.9689 -0.2137 0.1251
vn -0.6995 -0.4650 -0.5426
vn -0.9271 -0.3721 -0.0448
vn -0.5609 -0.4871 -0.6694
vn -0.9402 -0.0031 -0.3407
vn -0.5325 -0.6002 -0.5968
vn -0.9814 0.1588 0.1077
vn -0.4050 -0.5799 0.7069
vn -0.9525 0.2938 -0.0807
vn -0.6260 -0.5161 0.5846
vn -0.9485 0.3142 0.0400
vn -0.9026 0.2631 -0.3407
vn -0.5043 -0.2074 0.8382
vn -0.5748 -0.0413 0.8173
vn -0.4118 -0.1642 0.8964
vn -0.8281 0.5605 -0.0056
vn -0.9663 0.0199 -0.2568
vn 0.6664 -0.5805 0.4679
vn -0.2116 -0.3219 0.9228
vn -0.9431 0.1071 -0.3149
vn -0.9950 -0.0513 0.0858
vn -0.5415 -0.4941 -0.6802
vn -0.5484 0.6961 0.4634
vn -0.9970 -0.0449 -0.0631
vn -0.5446 -0.5043 -0.6701
vn -0.5051 0.7107 0.4896
vn -0.9300 -0.0491 -0.3642
vn -0.1775 -0.5372 -0.8246
vn -0.8003 -0.3278 -0.5020
vn -0.7184 0.5458 -0.4313
vn -0.7855 0.0847 0.6131
vn -0.9853 0.1676 0.0322
vn 0.3644 -0.5460 0.7544
vn -0.1539 0.3245 -0.9333
vn 0.0165 -0.3122 0.9499
vn 0.9071 0.2456 0.3419
vn 0.9934 -0.0745 0.0874
vn 0.9906 -0.0118 0.1362
vn -0.7246 -0.5805 -0.3715
vn -0.3894 0.4451 -0.8064
vn -0.9163 0.0422 0.3982
vn -0.9492 -0.1928 0.2486
vn -0.3676 0.3115 -0.8763
vn 0.3636 -0.3820 0.8497
vn 0.2313 -0.7228 0.6512
vn -0.3542 0.6573 -0.6652
vn 0.3399 -0.6247 0.7030
vn 0.9896 -0.0928 0.1097
vn 0.0190 0.3508 0.9363
vn 0.9794 -0.1975 0.0422
vn -0.6682 0.1841 0.7208
vn -0.2261 0.8442 -0.4861
vn -0.9218 -0.0224 -0.3870
vn -0.6111 -0.5240 -0.5932
vn -0.3432 0.3021 0.8894
vn -0.9910 -0.0018 -0.1336
vn -0.6120 -0.5788 -0.5389
vn -0.9348 0.2877 0.2082
vn -0.9304 -0.3502 -0.1080
vn -0.2087 -0.7372 -0.6427
vn -0.3691 -0.4832 0.7939
vn -0.2248 0.3504 -0.9092
vn -0.3338 0.6660 -0.6671
vn -0.0231 0.1859 -0.9823
vn -0.3586 0.6377 -0.6818
vn -0.3185 -0.9319 -0.1734
vn -0.9243 -0.3760 -0.0654
vn -0.2863 -0.8070 0.5164
vn -0.8882 -0.3817 0.2558
vn -0.9333 0.1878 0.3060
vn -0.2536 0.8927 0.3726
vn -0.9203 0.3169 0.2293
vn -0.9005 -0.2607 0.3479
vn -0.4144 -0.5319 0.7385
vn -0.2944 0.9507 0.0980
vn -0.4010 0.7659 -0.5026
vn -0.9718 0.2287 -0.0581
vn -0.9180 -0.2351 0.3194
vn -0.6158 -0.4392 0.6541
vn -0.4676 0.2210 -0.8559
vn -0.9839 0.0502 -0.1716
vn -0.9180 -0.1306 0.3744
vn -0.6805 -0.2864 0.6745
vn -0.4783 -0.1264 -0.8690
vn -0.9848 -0.0237 -0.1723
vn -0.9220 0.0516 0.3837
vn -0.6818 0.1047 0.7240
vn -0.4563 -0.3700 -0.8093
vn -0.9794 -0.1439 -0.1415
vn -0.9192 -0.0177 0.3935
vn -0.6485 -0.0455 0.7599
vn -0.5323 -0.2290 0.8150
vn -0.4196 -0.2051 -0.8842
vn -0.9748 -0.1305 -0.1812
vn -0.9170 -0.1089 0.3837
vn -0.8689 -0.4528 0.2001
vn -0.4857 -0.6125 0.6237
vn -0.4972 0.0214 -0.8674
vn -0.9168 -0.2933 -0.2712
vn -0.8351 -0.5099 0.2062
vn -0.4824 -0.7652 0.4263
vn -0.5572 0.4381 -0.7054
vn -0.9765 -0.1207 -0.1784
vn -0.7474 0.4375 -0.5000
vn -0.6043 -0.7968 0.0015
vt 0.951896 0.811005
vt 0.954776 0.780345
vt 0.968120 0.780791
vt 0.969992 0.811609
vt 0.499101 0.541017
vt 0.468002 0.538000
vt 0.468047 0.531493
vt 0.499162 0.532193
vt 0.468093 0.519803
vt 0.499224 0.516341
vt 0.368149 0.563770
vt 0.371213 0.592242
vt 0.357594 0.594913
vt 0.349680 0.567392
vt 0.347708 0.594774
vt 0.336274 0.567203
vt 0.864476 0.307038
vt 0.873449 0.278136
vt 0.879935 0.280048
vt 0.873271 0.309630
vt 0.467957 0.544507
vt 0.413809 0.535043
vt 0.413854 0.528536
vt 0.891181 0.283330
vt 0.888523 0.314080
vt 0.935479 0.809102
vt 0.942670 0.778942
vt 0.516766 0.508022
vt 0.516705 0.523874
vt 0.880185 0.225181
vt 0.873699 0.223270
vt 0.862547 0.150473
vt 0.874123 0.153878
vt 0.364937 0.647738
vt 0.355051 0.647599
vt 0.947206 0.725877
vt 0.959311 0.727281
vt 0.972656 0.727727
vt 0.413899 0.522029
vt 0.413945 0.510339
vt 0.866963 0.276225
vt 0.378556 0.645067
vt 0.886670 0.227093
vt 0.897917 0.230374
vt 0.979750 0.660686
vt 0.964503 0.660538
vt 0.973273 0.598573
vt 0.994533 0.598779
vt 0.381724 0.717370
vt 0.365270 0.721349
vt 0.345275 0.523164
vt 0.345349 0.511477
vt 0.885699 0.157284
vt 0.906939 0.163496
vt 0.355659 0.720177
vt 0.345424 0.499789
vt 0.345523 0.477883
vt 0.951527 0.658635
vt 0.881603 0.094912
vt 0.851987 0.086251
vt 0.841284 0.037854
vt 0.879548 0.049045
vt 0.955179 0.595920
vt 0.819703 0.076753
vt 0.835845 0.081502
vt 0.375968 0.790000
vt 0.353025 0.795548
vt 0.285190 0.477503
vt 0.285294 0.461206
vt 0.754727 0.598259
vt 0.768859 0.607839
vt 0.768859 0.669130
vt 0.749154 0.655773
vt 0.285398 0.444909
vt 0.285536 0.414363
vt 0.240739 0.439962
vt 0.240605 0.461017
vt 0.147025 0.473732
vt 0.130164 0.446031
vt 0.803663 0.071983
vt 0.778968 0.019457
vt 0.799574 0.025583
vt 0.240873 0.418906
vt 0.241052 0.379441
vt 0.977591 0.554384
vt 1.000000 0.554283
vt 0.954936 0.551008
vt 0.820429 0.031719
vt 0.372794 0.840901
vt 0.347823 0.847567
vt 0.980748 0.421395
vt 1.000000 0.465093
vt 0.979332 0.487203
vt 0.959408 0.459193
vt 0.854447 0.002560
vt 0.906939 0.009790
vt 0.331175 0.845384
vt 0.352476 0.905229
vt 0.323204 0.871526
vt 0.120898 0.418372
vt 0.151829 0.366802
vt 0.240426 0.480471
vt 0.168302 0.503289
vt 0.947720 0.506596
vt 0.795356 0.000573
vt 0.825391 0.000000
vt 0.381724 0.927689
vt 0.528201 0.498196
vt 0.528152 0.510854
vt 0.859946 0.323454
vt 0.851151 0.320862
vt 0.343161 0.553463
vt 0.361629 0.549841
vt 0.875198 0.327904
vt 0.516644 0.532698
vt 0.329754 0.553274
vt 0.951808 0.827071
vt 0.935392 0.825168
vt 0.969905 0.827676
vt 0.842405 0.329839
vt 0.854584 0.333393
vt 0.847701 0.352217
vt 0.830780 0.347280
vt 0.749154 0.682089
vt 0.762439 0.669130
vt 0.778334 0.679291
vt 0.767726 0.689638
vt 0.749154 0.700353
vt 0.767726 0.704222
vt 0.835382 0.327769
vt 0.561472 0.711271
vt 0.554753 0.726875
vt 0.543287 0.722748
vt 0.548652 0.710287
vt 0.528103 0.517900
vt 0.762439 0.713223
vt 0.778334 0.714499
vt 0.562132 0.740829
vt 0.549179 0.733890
vt 0.105015 0.853043
vt 0.103159 0.832845
vt 0.119600 0.830063
vt 0.121642 0.852285
vt 0.532512 0.730583
vt 0.524325 0.715102
vt 0.562132 0.703808
vt 0.531780 0.697790
vt 0.550508 0.688789
vt 0.562626 0.760235
vt 0.563209 0.774251
vt 0.542960 0.779894
vt 0.542150 0.760422
vt 0.563209 0.747440
vt 0.542960 0.742644
vt 0.821023 0.344404
vt 0.548771 0.502969
vt 0.548703 0.512759
vt 0.035763 0.849164
vt 0.019559 0.833358
vt 0.039119 0.814357
vt 0.055322 0.830162
vt 0.566486 0.502141
vt 0.566411 0.512911
vt 0.844131 0.369116
vt 0.825516 0.363683
vt 0.105015 0.818527
vt 0.121642 0.814311
vt 0.548839 0.485383
vt 0.566561 0.482793
vt 0.525216 0.781810
vt 0.524325 0.760387
vt 0.525216 0.740829
vt 0.814781 0.360520
vt 0.811265 0.341528
vt 0.804046 0.357356
vt 0.828359 0.325699
vt 0.842355 0.318270
vt 0.855680 0.304446
vt 0.548635 0.522548
vt 0.566336 0.523681
vt 0.528054 0.524946
vt 0.516583 0.541522
vt 0.499040 0.549841
vt 0.016204 0.868166
vt 0.000000 0.852360
vt 0.047221 0.860340
vt 0.039119 0.868211
vt 0.055322 0.852470
vt 0.000000 0.830053
vt 0.008102 0.822182
vt 0.661004 0.655554
vt 0.681842 0.657166
vt 0.677015 0.671426
vt 0.657512 0.664849
vt 0.660465 0.167517
vt 0.591813 0.139509
vt 0.601553 0.106580
vt 0.673495 0.129156
vt 0.052626 0.407667
vt 0.072233 0.357551
vt 0.076011 0.464017
vt 0.706684 0.890497
vt 0.732775 0.890550
vt 0.736121 0.918211
vt 0.713512 0.918164
vt 0.739505 0.945581
vt 0.720379 0.945542
vt 0.016204 0.814311
vt 0.706298 0.999914
vt 0.732388 0.999968
vt 0.921858 0.504717
vt 0.101925 0.487835
vt 0.095346 0.328532
vt 0.184347 0.346841
vt 0.613758 0.053617
vt 0.685436 0.080838
vt 0.613637 0.001361
vt 0.682425 0.000000
vt 0.748376 0.890582
vt 0.748241 0.918236
vt 0.748143 0.945599
vt 0.747990 1.000000
vt 0.906393 0.503594
vt 0.905171 0.464621
vt 0.905171 0.369116
vt 0.903563 0.376875
vt 0.891281 0.379132
vt 0.890153 0.372323
vt 0.705984 0.782045
vt 0.734368 0.782103
vt 0.104970 0.264566
vt 0.212003 0.269443
vt 0.217409 0.373366
vt 0.255222 0.268629
vt 0.647495 0.232096
vt 0.574860 0.202148
vt 0.748918 0.782133
vt 0.706220 0.695881
vt 0.734604 0.695939
vt 0.102764 0.205131
vt 0.229106 0.196965
vt 0.267836 0.183949
vt 0.639196 0.290171
vt 0.566561 0.260223
vt 0.749154 0.695969
vt 0.405866 0.831456
vt 0.406576 0.801102
vt 0.417412 0.801010
vt 0.420561 0.831331
vt 0.504956 0.073453
vt 0.473579 0.076871
vt 0.473594 0.074723
vt 0.504976 0.070541
vt 0.473628 0.065684
vt 0.505022 0.058283
vt 0.723698 0.508314
vt 0.720092 0.480541
vt 0.731212 0.479087
vt 0.738777 0.506342
vt 0.739304 0.479634
vt 0.749750 0.507083
vt 0.271181 0.608923
vt 0.265519 0.639199
vt 0.260249 0.639050
vt 0.264033 0.608721
vt 0.251180 0.638819
vt 0.251735 0.608407
vt 0.392425 0.830519
vt 0.396665 0.800411
vt 0.521362 0.047639
vt 0.521311 0.061052
vt 0.060106 0.819530
vt 0.072240 0.829793
vt 0.073776 0.845612
vt 0.060654 0.834514
vt 0.273740 0.593181
vt 0.281562 0.593402
vt 0.073971 0.814311
vt 0.088018 0.814311
vt 0.087611 0.829793
vt 0.260283 0.592838
vt 0.521289 0.064239
vt 0.757250 0.519631
vt 0.745243 0.518820
vt 0.406452 0.846412
vt 0.391745 0.845386
vt 0.422533 0.846275
vt 0.286066 0.582925
vt 0.271512 0.582554
vt 0.279870 0.563538
vt 0.297218 0.563980
vt 0.121642 0.830465
vt 0.127737 0.815429
vt 0.139963 0.814311
vt 0.133372 0.830572
vt 0.127737 0.845490
vt 0.139963 0.846820
vt 0.294524 0.583164
vt 0.090398 0.845612
vt 0.532289 0.048857
vt 0.532265 0.052304
vt 0.097214 0.819530
vt 0.100784 0.834514
vt 0.141793 0.853153
vt 0.139963 0.832407
vt 0.152598 0.829161
vt 0.154415 0.849771
vt 0.103159 0.852792
vt 0.090778 0.866022
vt 0.070964 0.866022
vt 0.055322 0.852791
vt 0.556935 0.799258
vt 0.557605 0.816116
vt 0.538748 0.820330
vt 0.537950 0.800235
vt 0.557605 0.783802
vt 0.538748 0.781810
vt 0.307301 0.564265
vt 0.552185 0.037301
vt 0.552156 0.041409
vt 0.649229 0.829237
vt 0.663751 0.844373
vt 0.646221 0.861425
vt 0.631699 0.846289
vt 0.566495 0.032016
vt 0.566467 0.036097
vt 0.285936 0.549841
vt 0.303170 0.550280
vt 0.141793 0.817459
vt 0.154415 0.814311
vt 0.552250 0.020010
vt 0.566561 0.014838
vt 0.525118 0.820965
vt 0.524325 0.801001
vt 0.525118 0.782697
vt 0.313187 0.550563
vt 0.313102 0.564429
vt 0.318951 0.550726
vt 0.299391 0.583301
vt 0.286063 0.593529
vt 0.275294 0.609039
vt 0.268552 0.639285
vt 0.552049 0.056652
vt 0.552117 0.046976
vt 0.566428 0.041628
vt 0.566361 0.051240
vt 0.532175 0.065091
vt 0.532232 0.056974
vt 0.521206 0.076063
vt 0.521258 0.068558
vt 0.504880 0.084259
vt 0.504928 0.077400
vt 0.473524 0.084839
vt 0.473559 0.079781
vt 0.659315 0.819425
vt 0.673838 0.834561
vt 0.643138 0.814470
vt 0.646221 0.811470
vt 0.666759 0.812184
vt 0.631699 0.825597
vt 0.638960 0.818534
vt 0.678198 0.851011
vt 0.674020 0.855075
vt 0.666759 0.862139
vt 0.414376 0.081210
vt 0.414398 0.077983
vt 0.270790 0.639348
vt 0.268544 0.696718
vt 0.266062 0.696648
vt 0.723097 0.423543
vt 0.732070 0.424150
vt 0.710766 0.425156
vt 0.407334 0.744276
vt 0.419351 0.744174
vt 0.414415 0.075601
vt 0.414453 0.065578
vt 0.414336 0.086819
vt 0.396343 0.743509
vt 0.262699 0.696553
vt 0.256854 0.696387
vt 0.246797 0.696131
vt 0.387785 0.073390
vt 0.387835 0.060159
vt 0.387733 0.080794
vt 0.387763 0.076534
vt 0.256649 0.722239
vt 0.243374 0.721901
vt 0.705525 0.399089
vt 0.721801 0.396960
vt 0.407431 0.718883
vt 0.423294 0.718748
vt 0.392923 0.717871
vt 0.733646 0.397761
vt 0.387681 0.088198
vt 0.264365 0.722457
vt 0.272080 0.722675
vt 0.268804 0.722583
vt 0.271059 0.757620
vt 0.267782 0.757527
vt 0.351751 0.073188
vt 0.351801 0.059957
vt 0.351729 0.076332
vt 0.716844 0.363149
vt 0.728689 0.363950
vt 0.351647 0.087996
vt 0.351699 0.080592
vt 0.263343 0.757402
vt 0.255627 0.757184
vt 0.700567 0.365278
vt 0.408097 0.684108
vt 0.423960 0.683973
vt 0.393589 0.683096
vt 0.308775 0.062961
vt 0.308848 0.043595
vt 0.308699 0.073798
vt 0.308743 0.067563
vt 0.308624 0.084635
vt 0.272939 0.799430
vt 0.261646 0.799111
vt 0.408841 0.642592
vt 0.432058 0.642395
vt 0.387605 0.641111
vt 0.242352 0.756845
vt 0.409625 0.594366
vt 0.440131 0.594107
vt 0.381724 0.592420
vt 0.242215 0.798615
vt 0.266614 0.847833
vt 0.241084 0.847183
vt 0.279437 0.799613
vt 0.284232 0.799749
vt 0.296291 0.848672
vt 0.289990 0.848494
vt 0.735100 0.319390
vt 0.717763 0.318218
vt 0.717360 0.266924
vt 0.740139 0.268464
vt 0.693939 0.321334
vt 0.686057 0.271018
vt 0.691023 0.220785
vt 0.721729 0.216357
vt 0.258860 0.028107
vt 0.258764 0.053552
vt 0.212836 0.040199
vt 0.213015 0.000000
vt 0.258721 0.059598
vt 0.258664 0.067791
vt 0.212697 0.061748
vt 0.212777 0.049350
vt 0.258564 0.082030
vt 0.212558 0.083297
vt 0.281453 0.848253
vt 0.099469 0.100729
vt 0.092511 0.075235
vt 0.129847 0.122191
vt 0.212412 0.102089
vt 0.755026 0.223436
vt 0.749927 0.229013
vt 0.743820 0.167580
vt 0.752386 0.165712
vt 0.323204 0.882714
vt 0.322239 0.888089
vt 0.425832 0.551189
vt 0.440131 0.549841
vt 0.096703 0.060613
vt 0.099796 0.049821
vt 0.130529 0.002508
vt 0.685436 0.143643
vt 0.716785 0.166707
vt 0.714842 0.600721
vt 0.727048 0.573666
vt 0.749047 0.574773
vt 0.749154 0.600791
vt 0.685436 0.611877
vt 0.258379 0.096858
vt 0.647139 0.323732
vt 0.583550 0.336588
vt 0.043802 0.122608
vt 0.000000 0.077321
vt 0.661256 0.379501
vt 0.617997 0.385524
vt 0.720977 0.560113
vt 0.749061 0.562204
vt 0.733361 0.522018
vt 0.748665 0.519631
vt 0.778968 0.158679
vt 0.776458 0.209819
vt 0.761934 0.215878
vt 0.763081 0.163784
vt 0.807592 0.756776
vt 0.802047 0.836247
vt 0.787063 0.831555
vt 0.778968 0.737568
vt 0.869363 0.773464
vt 0.869363 0.840360
vt 0.813105 0.839711
vt 0.828717 0.770952
vt 0.720577 0.129156
vt 0.720786 0.081614
vt 0.740128 0.127244
vt 0.750167 0.125968
vt 0.775811 0.128562
vt 0.763769 0.124238
vt 0.745996 0.092065
vt 0.752002 0.092313
vt 0.762276 0.093853
vt 0.773493 0.094552
vt 0.099694 0.610219
vt 0.139575 0.586977
vt 0.183781 0.632640
vt 0.130576 0.632586
vt 0.750798 0.064999
vt 0.756947 0.067467
vt 0.685436 0.470406
vt 0.644702 0.457492
vt 0.158884 0.571208
vt 0.185047 0.549841
vt 0.241084 0.644542
vt 0.208114 0.637694
vt 0.721510 0.044645
vt 0.765278 0.070810
vt 0.773924 0.072985
vt 0.767628 0.034708
vt 0.778223 0.038139
vt 0.736978 0.011161
vt 0.755300 0.027568
vt 0.240379 0.699082
vt 0.208266 0.691829
vt 0.760535 0.030600
vt 0.184565 0.686477
vt 0.143286 0.679919
vt 0.679025 0.526426
vt 0.644742 0.509574
vt 0.186652 0.711245
vt 0.148257 0.694496
vt 0.673039 0.568124
vt 0.641563 0.546246
vt 0.768790 0.025141
vt 0.778968 0.028896
vt 0.740788 0.000000
vt 0.757280 0.017499
vt 0.236700 0.737149
vt 0.207904 0.722245
vt 0.762167 0.020744
vt 0.656817 0.613213
vt 0.639569 0.588101
vt 0.559202 0.582825
vt 0.557851 0.572610
vt 0.563614 0.561606
vt 0.565028 0.582070
vt 0.131377 0.685516
vt 0.143988 0.707978
vt 0.129517 0.696054
vt 0.222960 0.774724
vt 0.192585 0.751714
vt 0.557266 0.566013
vt 0.556834 0.561145
vt 0.565028 0.549841
vt 0.564427 0.554837
vt 0.175989 0.734750
vt 0.763646 0.773393
vt 0.760380 0.793744
vt 0.749154 0.790235
vt 0.752311 0.770361
vt 0.121833 0.699320
vt 0.135344 0.713207
vt 0.118588 0.722688
vt 0.106737 0.705735
vt 0.180870 0.761650
vt 0.209458 0.787034
vt 0.175319 0.811168
vt 0.158564 0.778214
vt 0.762142 0.801776
vt 0.763443 0.807705
vt 0.751709 0.804912
vt 0.750624 0.798680
vt 0.165738 0.742419
vt 0.147164 0.751169
vt 0.631750 0.603494
vt 0.648112 0.630150
vt 0.628905 0.655554
vt 0.604126 0.632570
vt 0.178764 0.814906
vt 0.178733 0.836155
vt 0.173485 0.838242
vt 0.173547 0.815502
vt 0.099234 0.708885
vt 0.106977 0.724998
vt 0.095316 0.727481
vt 0.091732 0.712036
vt 0.566561 0.708171
vt 0.585623 0.680651
vt 0.597181 0.719035
vt 0.579872 0.732638
vt 0.097838 0.705490
vt 0.091076 0.708943
vt 0.125624 0.754597
vt 0.104852 0.755126
vt 0.631699 0.683013
vt 0.631139 0.719987
vt 0.749154 0.524063
vt 0.772557 0.521831
vt 0.767552 0.554053
vt 0.751500 0.555508
vt 0.055900 0.725999
vt 0.053073 0.717911
vt 0.107033 0.774654
vt 0.110927 0.797552
vt 0.064831 0.776463
vt 0.062753 0.759802
vt 0.053113 0.714042
vt 0.061218 0.747506
vt 0.630066 0.768391
vt 0.602112 0.768475
vt 0.034584 0.729145
vt 0.032834 0.721834
vt 0.041100 0.766655
vt 0.039615 0.754184
vt 0.032500 0.720416
vt 0.038519 0.744981
vt 0.630608 0.792475
vt 0.602712 0.793453
vt 0.768156 0.570361
vt 0.753157 0.571447
vt 0.021654 0.765513
vt 0.021469 0.751140
vt 0.017859 0.719117
vt 0.018767 0.712988
vt 0.021332 0.740533
vt 0.019521 0.724906
vt 0.631699 0.811978
vt 0.604192 0.810830
vt 0.769559 0.585398
vt 0.752844 0.586451
vt 0.005771 0.725698
vt 0.001523 0.721829
vt 0.000000 0.741631
vt 0.000526 0.736978
vt 0.002426 0.751635
vt 0.775862 0.584330
vt 0.775200 0.597603
vt 0.772647 0.598259
vt 0.002172 0.718591
vt 0.773072 0.816942
vt 0.773072 0.822711
vt 0.749154 0.827935
vt 0.749810 0.823252
vt 0.749553 0.840296
vt 0.772955 0.836607
vt 0.560068 0.628829
vt 0.565554 0.627791
vt 0.565554 0.650521
vt 0.560721 0.650433
vt 0.775381 0.745279
vt 0.775095 0.765692
vt 0.765290 0.764078
vt 0.770764 0.746599
vt 0.778789 0.744304
vt 0.778789 0.766296
vt 0.773072 0.809126
vt 0.757043 0.813607
vt 0.753789 0.596581
vt 0.775763 0.569284
vt 0.776265 0.552599
vt 0.776265 0.519631
vt 0.095945 0.700889
vt 0.090187 0.704752
vt 0.131328 0.782166
vt 0.320932 0.895372
vt 0.681281 0.827320
vt 0.681281 0.848012
vt 0.278329 0.609125
vt 0.289384 0.593623
vt 0.302983 0.583403
vt 0.317384 0.564550
vt 0.323204 0.550847
vt 0.766095 0.795530
vt 0.768006 0.803353
vt 0.769416 0.809126
vt 0.630607 0.594298
vt 0.635895 0.587847
vt 0.769416 0.774936
vt 0.192611 0.767656
vt 0.199337 0.763714
vt 0.207308 0.772772
vt 0.204034 0.777682
vt 0.221130 0.775054
vt 0.556834 0.592580
vt 0.532932 0.627791
vt 0.535659 0.615019
vt 0.549532 0.592048
vt 0.548250 0.585876
vt 0.529276 0.600340
vt 0.524325 0.590971
vt 0.548756 0.580499
vt 0.546627 0.627791
vt 0.560068 0.650456
vt 0.558650 0.655102
vt 0.539053 0.638809
vt 0.756111 0.715627
vt 0.765290 0.714499
vt 0.762231 0.719904
vt 0.754107 0.719731
vt 0.752945 0.725216
vt 0.761378 0.725412
vt 0.757518 0.737248
vt 0.749154 0.735867
vt 0.212316 0.788066
vt 0.207769 0.790871
vt 0.558866 0.660421
vt 0.524423 0.649821
vt 0.219989 0.801790
vt 0.222746 0.795592
vt 0.241084 0.812217
vt 0.236049 0.813973
vt 0.560068 0.671434
vt 0.524325 0.661937
vt 0.526140 0.575541
vt 0.550815 0.568195
vt 0.776700 0.630285
vt 0.776700 0.653388
vt 0.768859 0.641166
vt 0.770063 0.629201
vt 0.559205 0.688789
vt 0.530875 0.683808
vt 0.534909 0.556498
vt 0.556834 0.549841
vt 0.763440 0.759849
vt 0.757026 0.760115
vt 0.768859 0.608404
vt 0.773992 0.598259
vt 0.776240 0.599269
vt 0.772021 0.608998
vt 0.765290 0.768762
vt 0.762885 0.770361
vt 0.776240 0.627988
vt 0.771131 0.629201
vt 0.775498 0.714499
vt 0.775498 0.741686
vt 0.765290 0.744304
vt 0.765376 0.732475
vt 0.101703 0.697026
vt 0.104600 0.702037
vt 0.590208 0.657077
vt 0.627181 0.655554
vt 0.146494 0.814311
vt 0.183982 0.814311
vt 0.183982 0.834068
vt 0.627432 0.836300
vt 0.610815 0.833742
vt 0.925984 0.414045
vt 0.932730 0.402087
vt 0.932446 0.394874
vt 0.980119 0.393670
vt 0.909201 0.418039
vt 0.911953 0.388447
vt 0.915036 0.369116
vt 0.157017 0.814311
vt 0.173485 0.815449
vt 0.173428 0.826233
vt 0.156963 0.824152
vt 0.901457 0.390215
vt 0.891454 0.391679
vt 0.173485 0.833037
vt 0.154415 0.833691
vt 0.883398 0.397974
vt 0.874783 0.380977
vt 0.868484 0.372125
vt 0.671820 0.692521
vt 0.646165 0.687791
vt 0.847799 0.393419
vt 0.831024 0.383397
vt 0.873835 0.414158
vt 0.461932 0.549841
vt 0.480051 0.558621
vt 0.478040 0.577550
vt 0.453728 0.564899
vt 0.667753 0.732560
vt 0.631699 0.732468
vt 0.681842 0.803428
vt 0.639658 0.811471
vt 0.807916 0.456885
vt 0.778968 0.456020
vt 0.855697 0.463210
vt 0.472568 0.620750
vt 0.441885 0.611647
vt 0.481502 0.549841
vt 0.524325 0.554457
vt 0.522900 0.610419
vt 0.480051 0.615932
vt 0.809772 0.500846
vt 0.783451 0.512591
vt 0.854554 0.484371
vt 0.471648 0.631308
vt 0.440131 0.632547
vt 0.524325 0.676707
vt 0.481654 0.686796
vt 0.839048 0.555956
vt 0.816062 0.573049
vt 0.878599 0.529526
vt 0.477888 0.673834
vt 0.446673 0.680082
vt 0.522012 0.715226
vt 0.483883 0.720484
vt 0.863101 0.595943
vt 0.843326 0.606250
vt 0.896856 0.580947
vt 0.480051 0.731218
vt 0.451067 0.733198
vt 0.476545 0.805149
vt 0.451339 0.800795
vt 0.517692 0.759053
vt 0.484944 0.751289
vt 0.880308 0.645983
vt 0.865300 0.646208
vt 0.905171 0.648061
vt 0.891876 0.687118
vt 0.877545 0.685920
vt 0.467703 0.840488
vt 0.455142 0.838010
vt 0.501739 0.798336
vt 0.484909 0.791724
vt 0.868895 0.686049
vt 0.862876 0.725064
vt 0.858443 0.721732
vt 0.452521 0.873464
vt 0.448770 0.872424
vt 0.492240 0.824923
vt 0.483115 0.824913
vt 0.854439 0.717016
vt 0.834806 0.737568
vt 0.849299 0.718375
vt 0.564927 0.582825
vt 0.564927 0.613445
vt 0.556834 0.588032
vt 0.561455 0.584120
s 0
usemtl ShortHair
f 30/45/20 29/46/20 37/47/20 38/48/20
f 44/59/28 43/60/28 51/61/28 52/62/28
f 29/46/29 36/58/29 44/63/29 37/47/29
f 96/33/30 34/32/30 42/64/30 97/65/30
f 33/50/31 32/49/31 40/66/31 41/67/31
f 107/52/32 30/51/32 38/68/32 108/69/32
f 36/54/33 35/53/33 43/60/33 44/59/33
f 34/70/34 33/71/34 41/72/34 42/73/34
f 32/57/35 31/56/35 39/74/35 40/75/35
f 109/76/36 46/77/36 54/78/36 110/79/36
f 42/64/37 41/80/37 49/81/37 50/82/37
f 40/75/38 39/74/38 47/83/38 48/84/38
f 38/48/39 37/47/39 45/85/39 46/86/39
f 37/47/40 44/63/40 52/87/40 45/85/40
f 97/65/41 42/64/41 50/82/41 98/88/41
f 41/67/42 40/66/42 48/89/42 49/90/42
f 108/69/43 38/68/43 46/77/43 109/76/43
f 412/91/44 54/92/44 53/93/44 413/94/44
f 52/62/45 51/61/45 59/95/45 60/96/45
f 50/97/46 49/90/46 57/98/46 58/99/46
f 48/84/47 47/83/47 55/100/47 56/101/47
f 46/77/48 45/102/48 53/103/48 54/78/48
f 45/85/49 52/87/49 60/104/49 53/93/49
f 98/88/50 50/82/50 58/105/50 99/106/50
f 49/90/51 48/89/51 56/107/51 57/98/51
f 51/61/84 98/88/84 99/106/84 59/95/84
f 43/60/41 97/65/41 98/88/41 51/61/41
f 35/53/30 96/33/30 97/65/30 43/60/30
f 39/74/43 108/69/43 109/76/43 47/83/43
f 47/83/88 109/76/88 110/79/88 55/100/88
f 31/56/32 107/52/32 108/69/32 39/74/32
f 571/195/91 126/196/91 125/197/91 572/198/91
f 56/101/92 55/100/92 124/199/92 125/200/92
f 55/100/93 110/79/93 414/201/93 124/199/93
f 58/202/94 119/203/94 120/204/94 99/205/94
f 99/205/95 120/204/95 118/206/95 59/207/95
f 60/209/96 59/207/96 118/206/96 117/210/96
f 53/93/97 60/104/97 117/211/97 413/94/97
f 110/79/98 54/78/98 412/212/98 414/201/98
f 126/213/99 57/214/99 56/101/99 125/200/99
f 125/197/100 124/215/100 573/216/100 572/198/100
f 124/215/101 414/217/101 906/218/101 573/216/101
f 119/203/94 566/219/94 569/220/94 120/204/94
f 120/204/95 569/220/95 567/221/95 118/206/95
f 117/210/96 118/206/96 567/221/96 568/222/96
f 413/94/102 117/211/102 568/223/102 905/224/102
f 58/202/104 129/229/104 130/230/104 119/203/104
f 57/214/105 126/213/105 131/231/105 128/232/105
f 58/233/106 57/214/106 128/232/106 129/234/106
f 126/196/107 571/195/107 581/235/107 131/236/107
f 119/203/104 130/230/104 580/237/104 566/219/104
f 129/229/108 133/238/108 134/239/108 130/230/108
f 128/232/109 131/231/109 135/240/109 132/241/109
f 129/234/110 128/232/110 132/241/110 133/242/110
f 131/236/111 581/235/111 587/243/111 135/244/111
f 130/230/108 134/239/108 586/245/108 580/237/108
f 339/397/168 213/396/168 223/398/168 341/399/168
f 210/382/169 220/400/169 221/401/169 211/383/169
f 340/385/170 342/402/170 220/400/170 210/382/170
f 213/393/171 212/389/171 222/403/171 223/404/171
f 209/394/170 219/405/170 227/406/170 217/384/170
f 216/395/168 226/407/168 224/408/168 214/386/168
f 212/389/172 211/388/172 221/409/172 222/403/172
f 208/390/173 218/410/173 219/411/173 209/391/173
f 215/392/174 225/412/174 218/410/174 208/390/174
f 221/401/175 220/400/175 230/413/175 231/414/175
f 342/402/176 227/406/176 237/415/176 344/416/176
f 227/406/177 219/405/177 229/417/177 237/415/177
f 224/408/178 226/407/178 236/418/178 234/419/178
f 219/411/179 218/410/179 228/420/179 229/421/179
f 218/410/180 225/412/180 235/422/180 228/420/180
f 215/387/181 214/386/181 224/408/181 225/423/181
f 229/421/182 228/420/182 238/424/182 239/425/182
f 228/420/183 235/422/183 245/426/183 238/424/183
f 235/427/184 234/419/184 244/428/184 245/429/184
f 343/430/185 233/431/185 243/432/185 345/433/185
f 233/434/186 232/435/186 242/436/186 243/437/186
f 222/403/187 221/409/187 231/438/187 232/435/187
f 223/404/188 222/403/188 232/435/188 233/434/188
f 341/399/178 223/398/178 233/431/178 343/430/178
f 225/423/189 224/408/189 234/419/189 235/427/189
f 242/436/190 241/439/190 251/440/190 252/441/190
f 241/442/191 240/443/191 250/444/191 251/445/191
f 346/446/192 247/447/192 255/448/192 348/449/192
f 247/447/193 239/450/193 249/451/193 255/448/193
f 234/419/194 236/418/194 246/452/194 244/428/194
f 237/415/195 229/417/195 239/450/195 247/447/195
f 344/416/195 237/415/195 247/447/195 346/446/195
f 231/414/196 230/413/196 240/443/196 241/442/196
f 232/435/197 231/438/197 241/439/197 242/436/197
f 255/448/198 249/451/198 257/453/198 263/454/198
f 132/241/199 135/240/199 256/455/199 248/456/199
f 249/451/200 248/456/200 256/455/200 257/453/200
f 347/457/201 253/458/201 261/459/201 349/460/201
f 243/437/202 242/436/202 252/441/202 253/458/202
f 345/433/203 243/432/203 253/461/203 347/462/203
f 239/425/204 238/424/204 248/463/204 249/464/204
f 348/449/205 255/448/205 263/454/205 350/465/205
f 251/445/206 250/444/206 258/466/206 259/467/206
f 252/441/207 251/440/207 259/468/207 260/469/207
f 245/470/208 244/471/208 717/472/208 716/473/208
f 716/473/209 586/245/209 134/239/209 245/470/209
f 253/458/210 252/441/210 260/469/210 261/459/210
f 134/239/211 133/238/211 238/474/211 245/470/211
f 133/242/212 132/241/212 248/456/212 238/475/212
f 135/244/213 587/243/213 719/476/213 264/477/213
f 256/455/214 135/240/214 264/478/214 257/453/214
f 264/478/215 265/479/215 263/454/215 257/453/215
f 719/476/216 720/480/216 265/481/216 264/477/216
f 246/482/217 722/483/217 717/472/217 244/471/217
f 254/484/218 723/485/218 722/483/218 246/482/218
f 724/486/219 723/487/219 254/488/219 262/489/219
f 351/490/220 350/491/220 263/492/220 265/493/220
f 267/494/221 259/495/221 258/496/221 266/497/221
f 268/498/222 260/469/222 259/468/222 267/499/222
f 269/500/223 261/459/223 260/469/223 268/498/223
f 349/460/224 261/459/224 269/500/224 352/501/224
f 730/502/225 724/486/225 262/489/225 270/503/225
f 271/504/226 269/500/226 268/498/226 267/499/226
f 353/505/227 272/506/227 270/503/227 352/501/227
f 730/502/228 270/503/228 272/506/228 733/507/228
f 267/508/229 266/509/229 274/510/229 275/511/229
f 353/505/230 271/504/230 276/512/230 355/513/230
f 271/504/233 267/499/233 275/520/233 276/512/233
f 733/507/234 272/506/234 277/521/234 740/522/234
f 740/522/235 277/521/235 282/523/235 747/524/235
f 276/512/236 275/520/236 280/525/236 281/526/236
f 355/513/238 276/512/238 281/526/238 357/529/238
f 275/511/239 274/510/239 279/530/239 280/531/239
f 280/531/241 279/530/241 284/534/241 285/535/241
f 747/524/243 282/523/243 287/538/243 754/539/243
f 281/526/244 280/525/244 285/540/244 286/541/244
f 357/529/246 281/526/246 286/541/246 359/544/246
f 754/547/248 287/548/248 292/549/248 761/550/248
f 286/551/249 285/535/249 290/552/249 291/553/249
f 359/556/251 286/557/251 291/558/251 361/559/251
f 285/535/252 284/534/252 289/560/252 290/552/252
f 861/561/253 374/562/253 297/563/253 768/564/253
f 376/565/254 375/566/254 295/567/254 296/568/254
f 379/573/256 376/574/256 296/575/256 363/576/256
f 375/566/257 378/577/257 294/578/257 295/567/257
f 894/583/259 405/584/259 302/585/259 775/586/259
f 407/587/260 406/588/260 300/589/260 301/590/260
f 411/591/261 408/592/261 298/593/261 364/594/261
f 410/595/262 407/587/262 301/590/262 365/596/262
f 406/588/263 409/597/263 299/598/263 300/589/263
f 408/592/264 899/599/264 769/600/264 298/593/264
f 775/601/265 302/602/265 307/603/265 782/604/265
f 301/590/266 300/589/266 305/605/266 306/606/266
f 364/607/267 298/608/267 303/609/267 366/610/267
f 365/596/268 301/590/268 306/606/268 367/611/268
f 300/589/269 299/598/269 304/612/269 305/605/269
f 306/606/271 305/605/271 310/615/271 311/616/271
f 367/611/273 306/606/273 311/616/273 369/619/273
f 305/605/274 304/612/274 309/620/274 310/615/274
f 782/604/276 307/603/276 312/623/276 789/624/276
f 369/619/278 311/616/278 316/627/278 371/628/278
f 310/615/279 309/620/279 314/629/279 315/630/279
f 789/624/281 312/623/281 317/633/281 796/634/281
f 311/616/282 310/615/282 315/630/282 316/627/282
f 315/630/283 320/635/283 321/636/283 316/627/283
f 317/633/286 371/640/286 373/641/286 322/642/286
f 316/627/287 321/636/287 373/643/287 371/628/287
f 321/650/290 320/651/290 805/652/290 806/653/290
f 373/654/291 859/655/291 803/656/291 322/657/291
f 321/658/292 806/659/292 859/655/292 373/654/292
f 317/633/295 322/642/295 803/662/295 796/634/295
f 312/623/296 369/663/296 371/640/296 317/633/296
f 309/620/297 368/618/297 370/626/297 314/629/297
f 307/603/298 367/664/298 369/663/298 312/623/298
f 304/612/299 366/610/299 368/618/299 309/620/299
f 302/602/300 365/665/300 367/664/300 307/603/300
f 299/598/301 364/607/301 366/610/301 304/612/301
f 405/666/302 410/595/302 365/596/302 302/667/302
f 409/597/303 411/668/303 364/607/303 299/598/303
f 374/562/304 379/573/304 363/576/304 297/563/304
f 378/577/305 380/569/305 362/572/305 294/578/305
f 287/548/306 359/556/306 361/559/306 292/549/306
f 284/534/307 358/543/307 360/555/307 289/560/307
f 282/523/308 357/529/308 359/544/308 287/538/308
f 279/530/309 356/528/309 358/543/309 284/534/309
f 277/521/310 355/513/310 357/529/310 282/523/310
f 274/510/311 354/519/311 356/528/311 279/530/311
f 266/509/312 351/516/312 354/519/312 274/510/312
f 272/506/313 353/505/313 355/513/313 277/521/313
f 271/504/314 353/505/314 352/501/314 269/500/314
f 262/489/315 349/460/315 352/501/315 270/503/315
f 266/497/316 258/496/316 350/491/316 351/490/316
f 250/444/317 348/449/317 350/465/317 258/466/317
f 246/452/318 345/433/318 347/462/318 254/669/318
f 254/488/319 347/457/319 349/460/319 262/489/319
f 230/413/195 344/416/195 346/446/195 240/443/195
f 240/443/320 346/446/320 348/449/320 250/444/320
f 226/407/178 341/399/178 343/430/178 236/418/178
f 236/418/185 343/430/185 345/433/185 246/452/185
f 220/400/177 342/402/177 344/416/177 230/413/177
f 217/384/170 227/406/170 342/402/170 340/385/170
f 216/395/168 339/397/168 341/399/168 226/407/168
f 289/560/321 360/555/321 380/569/321 378/577/321
f 292/677/322 361/678/322 379/573/322 374/562/322
f 290/552/324 289/560/324 378/577/324 375/566/324
f 361/678/325 291/679/325 376/574/325 379/573/325
f 291/553/327 290/552/327 375/566/327 376/565/327
f 761/682/328 292/677/328 374/562/328 861/561/328
f 384/683/329 382/684/329 386/685/329 388/686/329
f 360/555/330 288/554/330 381/687/330 382/684/330
f 387/692/333 388/693/333 392/694/333 391/695/333
f 382/696/334 381/697/334 385/698/334 386/699/334
f 383/691/335 384/690/335 388/693/335 387/692/335
f 381/700/336 383/701/336 387/702/336 385/703/336
f 389/704/337 391/705/337 395/706/337 393/707/337
f 385/703/338 387/702/338 391/705/338 389/704/338
f 388/686/339 386/685/339 390/708/339 392/709/339
f 386/699/340 385/698/340 389/710/340 390/711/340
f 396/712/341 394/713/341 398/714/341 400/715/341
f 392/709/342 390/708/342 394/713/342 396/712/342
f 390/711/343 389/710/343 393/716/343 394/717/343
f 391/695/344 392/694/344 396/718/344 395/719/344
f 399/720/345 400/721/345 404/722/345 403/723/345
f 394/717/346 393/716/346 397/724/346 398/725/346
f 395/719/347 396/718/347 400/726/347 399/727/347
f 393/707/348 395/706/348 399/728/348 397/729/348
f 402/730/349 401/731/349 403/732/349 404/733/349
f 397/729/350 399/728/350 403/734/350 401/735/350
f 400/736/351 398/737/351 402/730/351 404/733/351
f 398/738/352 397/739/352 401/740/352 402/741/352
f 294/578/353 362/572/353 411/668/353 409/597/353
f 297/742/354 363/743/354 410/595/354 405/666/354
f 293/744/355 762/745/355 899/599/355 408/592/355
f 295/567/356 294/578/356 409/597/356 406/588/356
f 363/743/357 296/568/357 407/587/357 410/595/357
f 362/572/358 293/571/358 408/746/358 411/668/358
f 296/568/359 295/567/359 406/588/359 407/587/359
f 768/747/360 297/748/360 405/584/360 894/583/360
f 123/751/362 121/752/362 412/91/362 413/94/362
f 121/752/363 122/753/363 414/754/363 412/91/363
f 570/755/364 123/751/364 413/94/364 905/224/364
f 122/753/365 574/756/365 906/757/365 414/754/365
f 469/45/29 477/48/29 476/47/29 468/46/29
f 483/59/410 491/62/410 490/61/410 482/60/410
f 468/46/20 476/47/20 483/63/20 475/58/20
f 535/33/35 536/65/35 481/64/35 473/32/35
f 472/50/34 480/67/34 479/66/34 471/49/34
f 546/52/33 547/69/33 477/68/33 469/51/33
f 475/54/32 483/59/32 482/60/32 474/53/32
f 473/70/31 481/73/31 480/72/31 472/71/31
f 471/57/30 479/75/30 478/74/30 470/56/30
f 548/76/411 549/79/411 493/78/411 485/77/411
f 481/64/412 489/82/412 488/81/412 480/80/412
f 479/75/413 487/84/413 486/83/413 478/74/413
f 477/48/414 485/86/414 484/85/414 476/47/414
f 476/47/415 484/85/415 491/87/415 483/63/415
f 536/65/416 537/88/416 489/82/416 481/64/416
f 480/67/417 488/90/417 487/89/417 479/66/417
f 547/69/418 548/76/418 485/77/418 477/68/418
f 902/91/419 903/94/419 492/93/419 493/92/419
f 491/62/420 499/96/420 498/95/420 490/61/420
f 489/97/421 497/99/421 496/98/421 488/90/421
f 487/84/422 495/101/422 494/100/422 486/83/422
f 485/77/423 493/78/423 492/103/423 484/102/423
f 484/85/424 492/93/424 499/104/424 491/87/424
f 537/88/425 538/106/425 497/105/425 489/82/425
f 488/90/426 496/98/426 495/107/426 487/89/426
f 490/61/428 498/95/428 538/106/428 537/88/428
f 482/60/416 490/61/416 537/88/416 536/65/416
f 474/53/35 482/60/35 536/65/35 535/33/35
f 478/74/418 486/83/418 548/76/418 547/69/418
f 486/83/431 494/100/431 549/79/431 548/76/431
f 470/56/33 478/74/33 547/69/33 546/52/33
f 571/195/434 572/198/434 564/197/434 565/196/434
f 495/101/435 564/200/435 563/199/435 494/100/435
f 494/100/436 563/199/436 904/201/436 549/79/436
f 497/202/94 538/205/94 559/204/94 558/203/94
f 538/205/95 498/207/95 557/206/95 559/204/95
f 499/209/96 556/210/96 557/206/96 498/207/96
f 492/93/437 903/94/437 556/211/437 499/104/437
f 549/79/438 904/201/438 902/212/438 493/78/438
f 565/213/439 564/200/439 495/101/439 496/214/439
f 564/197/440 572/198/440 573/216/440 563/215/440
f 563/215/441 573/216/441 906/218/441 904/217/441
f 558/203/94 559/204/94 569/220/94 566/219/94
f 559/204/95 557/206/95 567/221/95 569/220/95
f 556/210/96 568/222/96 567/221/96 557/206/96
f 903/94/442 905/224/442 568/223/442 556/211/442
f 497/202/104 558/203/104 578/230/104 577/229/104
f 496/214/444 576/232/444 579/231/444 565/213/444
f 497/233/445 577/234/445 576/232/445 496/214/445
f 565/196/446 579/236/446 581/235/446 571/195/446
f 558/203/104 566/219/104 580/237/104 578/230/104
f 577/229/108 578/230/108 584/239/108 583/238/108
f 576/232/447 582/241/447 585/240/447 579/231/447
f 577/234/448 583/242/448 582/241/448 576/232/448
f 579/236/449 585/244/449 587/243/449 581/235/449
f 578/230/108 580/237/108 586/245/108 584/239/108
f 823/397/169 825/399/169 675/398/169 665/396/169
f 662/382/168 663/383/168 673/401/168 672/400/168
f 824/385/181 662/382/181 672/400/181 826/402/181
f 665/393/172 675/404/172 674/403/172 664/389/172
f 661/394/181 669/384/181 679/406/181 671/405/181
f 668/395/169 666/386/169 676/408/169 678/407/169
f 664/389/171 674/403/171 673/409/171 663/388/171
f 660/390/174 661/391/174 671/411/174 670/410/174
f 667/392/173 660/390/173 670/410/173 677/412/173
f 673/401/178 683/414/178 682/413/178 672/400/178
f 826/402/452 828/416/452 689/415/452 679/406/452
f 679/406/189 689/415/189 681/417/189 671/405/189
f 676/408/175 686/419/175 688/418/175 678/407/175
f 671/411/180 681/421/180 680/420/180 670/410/180
f 670/410/179 680/420/179 687/422/179 677/412/179
f 667/387/170 677/423/170 676/408/170 666/386/170
f 681/421/183 691/425/183 690/424/183 680/420/183
f 680/420/182 690/424/182 697/426/182 687/422/182
f 687/427/195 697/429/195 696/428/195 686/419/195
f 827/430/196 829/433/196 695/432/196 685/431/196
f 685/434/197 695/437/197 694/436/197 684/435/197
f 674/403/188 684/435/188 683/438/188 673/409/188
f 675/404/187 685/434/187 684/435/187 674/403/187
f 825/399/175 827/430/175 685/431/175 675/398/175
f 677/423/177 687/427/177 686/419/177 676/408/177
f 694/436/453 704/441/453 703/440/453 693/439/453
f 693/442/454 703/445/454 702/444/454 692/443/454
f 830/446/455 832/449/455 707/448/455 699/447/455
f 699/447/456 707/448/456 701/451/456 691/450/456
f 686/419/457 696/428/457 698/452/457 688/418/457
f 689/415/184 699/447/184 691/450/184 681/417/184
f 828/416/184 830/446/184 699/447/184 689/415/184
f 683/414/185 693/442/185 692/443/185 682/413/185
f 684/435/186 694/436/186 693/439/186 683/438/186
f 707/448/458 715/454/458 709/453/458 701/451/458
f 582/241/459 700/456/459 708/455/459 585/240/459
f 701/451/460 709/453/460 708/455/460 700/456/460
f 831/457/461 833/460/461 713/459/461 705/458/461
f 695/437/462 705/458/462 704/441/462 694/436/462
f 829/433/463 831/462/463 705/461/463 695/432/463
f 691/425/464 701/464/464 700/463/464 690/424/464
f 832/449/465 834/465/465 715/454/465 707/448/465
f 703/445/466 711/467/466 710/466/466 702/444/466
f 704/441/467 712/469/467 711/468/467 703/440/467
f 697/470/468 716/473/468 717/472/468 696/471/468
f 716/473/209 697/470/209 584/239/209 586/245/209
f 705/458/469 713/459/469 712/469/469 704/441/469
f 584/239/470 697/470/470 690/474/470 583/238/470
f 583/242/471 690/475/471 700/456/471 582/241/471
f 585/244/472 718/477/472 719/476/472 587/243/472
f 708/455/473 709/453/473 718/478/473 585/240/473
f 718/478/474 709/453/474 715/454/474 721/479/474
f 719/476/475 718/477/475 721/481/475 720/480/475
f 698/482/476 696/471/476 717/472/476 722/483/476
f 706/484/477 698/482/477 722/483/477 723/485/477
f 724/486/478 714/489/478 706/488/478 723/487/478
f 835/490/479 721/493/479 715/492/479 834/491/479
f 726/494/480 725/497/480 710/496/480 711/495/480
f 727/498/481 726/499/481 711/468/481 712/469/481
f 728/500/482 727/498/482 712/469/482 713/459/482
f 833/460/483 836/501/483 728/500/483 713/459/483
f 730/502/484 729/503/484 714/489/484 724/486/484
f 731/504/485 726/499/485 727/498/485 728/500/485
f 837/505/486 836/501/486 729/503/486 732/506/486
f 730/502/487 733/507/487 732/506/487 729/503/487
f 726/508/488 737/511/488 736/510/488 725/509/488
f 837/505/489 839/513/489 738/512/489 731/504/489
f 731/504/492 738/512/492 737/520/492 726/499/492
f 733/507/493 740/522/493 739/521/493 732/506/493
f 740/522/494 747/524/494 746/523/494 739/521/494
f 738/512/495 745/526/495 744/525/495 737/520/495
f 839/513/497 841/529/497 745/526/497 738/512/497
f 737/511/498 744/531/498 743/530/498 736/510/498
f 744/531/500 751/535/500 750/534/500 743/530/500
f 747/524/502 754/539/502 753/538/502 746/523/502
f 745/526/503 752/541/503 751/540/503 744/525/503
f 841/529/505 843/544/505 752/541/505 745/526/505
f 754/547/507 761/550/507 760/549/507 753/548/507
f 752/551/508 759/553/508 758/552/508 751/535/508
f 843/556/510 845/559/510 759/558/510 752/557/510
f 751/535/511 758/552/511 757/560/511 750/534/511
f 861/561/512 768/564/512 767/563/512 860/562/512
f 863/565/513 766/568/513 765/567/513 862/566/513
f 867/573/515 847/576/515 766/575/515 863/574/515
f 862/566/516 765/567/516 764/578/516 865/577/516
f 894/583/518 775/586/518 774/585/518 893/584/518
f 896/587/519 773/590/519 772/589/519 895/588/519
f 901/591/520 848/594/520 770/593/520 897/592/520
f 900/595/521 849/596/521 773/590/521 896/587/521
f 895/588/522 772/589/522 771/598/522 898/597/522
f 897/592/523 770/593/523 769/600/523 899/599/523
f 775/601/524 782/604/524 781/603/524 774/602/524
f 773/590/525 780/606/525 779/605/525 772/589/525
f 848/607/526 850/610/526 777/609/526 770/608/526
f 849/596/527 851/611/527 780/606/527 773/590/527
f 772/589/528 779/605/528 778/612/528 771/598/528
f 780/606/530 787/616/530 786/615/530 779/605/530
f 851/611/532 853/619/532 787/616/532 780/606/532
f 779/605/533 786/615/533 785/620/533 778/612/533
f 782/604/535 789/624/535 788/623/535 781/603/535
f 853/619/537 855/628/537 794/627/537 787/616/537
f 786/615/538 793/630/538 792/629/538 785/620/538
f 789/624/540 796/634/540 795/633/540 788/623/540
f 787/616/541 794/627/541 793/630/541 786/615/541
f 793/630/542 794/627/542 801/636/542 800/635/542
f 795/633/545 802/642/545 857/641/545 855/640/545
f 794/627/546 855/628/546 857/643/546 801/636/546
f 801/650/549 806/653/549 805/652/549 800/651/549
f 857/654/550 802/657/550 803/656/550 859/655/550
f 801/658/551 857/654/551 859/655/551 806/659/551
f 795/633/554 796/634/554 803/662/554 802/642/554
f 788/623/555 795/633/555 855/640/555 853/663/555
f 785/620/556 792/629/556 854/626/556 852/618/556
f 781/603/557 788/623/557 853/663/557 851/664/557
f 778/612/558 785/620/558 852/618/558 850/610/558
f 774/602/559 781/603/559 851/664/559 849/665/559
f 771/598/560 778/612/560 850/610/560 848/607/560
f 893/666/561 774/667/561 849/596/561 900/595/561
f 898/597/562 771/598/562 848/607/562 901/668/562
f 860/562/563 767/563/563 847/576/563 867/573/563
f 865/577/564 764/578/564 846/572/564 868/569/564
f 753/548/565 760/549/565 845/559/565 843/556/565
f 750/534/566 757/560/566 844/555/566 842/543/566
f 746/523/567 753/538/567 843/544/567 841/529/567
f 743/530/568 750/534/568 842/543/568 840/528/568
f 739/521/569 746/523/569 841/529/569 839/513/569
f 736/510/570 743/530/570 840/528/570 838/519/570
f 725/509/571 736/510/571 838/519/571 835/516/571
f 732/506/572 739/521/572 839/513/572 837/505/572
f 731/504/573 728/500/573 836/501/573 837/505/573
f 714/489/574 729/503/574 836/501/574 833/460/574
f 725/497/575 835/490/575 834/491/575 710/496/575
f 702/444/576 710/466/576 834/465/576 832/449/576
f 698/452/577 706/669/577 831/462/577 829/433/577
f 706/488/578 714/489/578 833/460/578 831/457/578
f 682/413/184 692/443/184 830/446/184 828/416/184
f 692/443/579 702/444/579 832/449/579 830/446/579
f 678/407/175 688/418/175 827/430/175 825/399/175
f 688/418/196 698/452/196 829/433/196 827/430/196
f 672/400/189 682/413/189 828/416/189 826/402/189
f 669/384/181 824/385/181 826/402/181 679/406/181
f 668/395/169 678/407/169 825/399/169 823/397/169
f 757/560/580 865/577/580 868/569/580 844/555/580
f 760/677/581 860/562/581 867/573/581 845/678/581
f 758/552/583 862/566/583 865/577/583 757/560/583
f 845/678/584 867/573/584 863/574/584 759/679/584
f 759/553/586 863/565/586 862/566/586 758/552/586
f 761/682/587 861/561/587 860/562/587 760/677/587
f 872/683/588 876/686/588 874/685/588 870/684/588
f 844/555/589 870/684/589 869/687/589 756/554/589
f 875/692/592 879/695/592 880/694/592 876/693/592
f 870/696/593 874/699/593 873/698/593 869/697/593
f 871/691/594 875/692/594 876/693/594 872/690/594
f 869/700/595 873/703/595 875/702/595 871/701/595
f 877/704/596 881/707/596 883/706/596 879/705/596
f 873/703/597 877/704/597 879/705/597 875/702/597
f 876/686/598 880/709/598 878/708/598 874/685/598
f 874/699/599 878/711/599 877/710/599 873/698/599
f 884/712/600 888/715/600 886/714/600 882/713/600
f 880/709/601 884/712/601 882/713/601 878/708/601
f 878/711/602 882/717/602 881/716/602 877/710/602
f 879/695/603 883/719/603 884/718/603 880/694/603
f 887/720/604 891/723/604 892/722/604 888/721/604
f 882/717/605 886/725/605 885/724/605 881/716/605
f 883/719/606 887/727/606 888/726/606 884/718/606
f 881/707/607 885/729/607 887/728/607 883/706/607
f 890/730/608 892/733/608 891/732/608 889/731/608
f 885/729/609 889/735/609 891/734/609 887/728/609
f 888/736/610 892/733/610 890/730/610 886/737/610
f 886/738/611 890/741/611 889/740/611 885/739/611
f 764/578/612 898/597/612 901/668/612 846/572/612
f 767/742/613 893/666/613 900/595/613 847/743/613
f 763/744/614 897/592/614 899/599/614 762/745/614
f 765/567/615 895/588/615 898/597/615 764/578/615
f 847/743/616 900/595/616 896/587/616 766/568/616
f 846/572/617 901/668/617 897/746/617 763/571/617
f 766/568/618 896/587/618 895/588/618 765/567/618
f 768/747/619 894/583/619 893/584/619 767/748/619
f 562/751/621 903/94/621 902/91/621 560/752/621
f 560/752/622 902/91/622 904/754/622 561/753/622
f 570/755/623 905/224/623 903/94/623 562/751/623
f 561/753/624 904/754/624 906/757/624 574/756/624
usemtl LongHair
f 574/191/90 122/192/90 415/193/90 910/194/90
f 122/225/103 121/226/103 127/227/103 415/228/103
f 265/481/231 720/480/231 734/514/231 273/515/231
f 351/516/232 265/517/232 273/518/232 354/519/232
f 354/519/237 273/518/237 278/527/237 356/528/237
f 273/515/240 734/514/240 741/532/240 278/533/240
f 278/533/242 741/532/242 748/536/242 283/537/242
f 356/528/245 278/527/245 283/542/245 358/543/245
f 283/537/247 748/536/247 755/545/247 288/546/247
f 358/543/250 283/542/250 288/554/250 360/555/250
f 380/569/255 377/570/255 293/571/255 362/572/255
f 377/579/258 866/580/258 762/581/258 293/582/258
f 288/546/323 755/545/323 866/580/323 377/579/323
f 288/546/326 377/579/326 383/680/326 381/681/326
f 377/688/331 380/689/331 384/690/331 383/691/331
f 380/569/332 360/555/332 382/684/332 384/683/332
f 123/758/366 570/759/366 909/760/366 416/761/366
f 121/226/367 123/762/367 416/763/367 127/227/367
f 416/761/368 909/760/368 914/764/368 419/765/368
f 127/227/369 416/763/369 419/766/369 417/767/369
f 415/228/370 127/227/370 417/767/370 418/768/370
f 910/194/371 415/193/371 418/769/371 915/770/371
f 418/768/372 417/767/372 420/771/372 421/772/372
f 417/767/373 419/766/373 422/773/373 420/771/373
f 419/774/374 914/775/374 919/776/374 422/777/374
f 915/770/375 418/769/375 421/778/375 920/779/375
f 920/779/376 421/778/376 424/780/376 925/781/376
f 421/772/377 420/771/377 423/782/377 424/783/377
f 420/771/378 422/773/378 425/784/378 423/782/378
f 422/777/379 919/776/379 924/785/379 425/786/379
f 925/787/380 424/788/380 427/789/380 930/790/380
f 424/783/381 423/782/381 426/791/381 427/792/381
f 423/782/382 425/784/382 428/793/382 426/791/382
f 425/786/383 924/785/383 929/794/383 428/795/383
f 930/790/384 427/789/384 430/796/384 935/797/384
f 427/792/385 426/791/385 429/798/385 430/799/385
f 426/791/386 428/793/386 431/800/386 429/798/386
f 428/795/387 929/794/387 934/801/387 431/802/387
f 935/797/388 430/796/388 433/803/388 940/804/388
f 430/799/389 429/798/389 432/805/389 433/806/389
f 429/798/390 431/800/390 434/807/390 432/805/390
f 431/802/391 934/801/391 939/808/391 434/809/391
f 434/809/392 939/808/392 944/810/392 437/811/392
f 940/804/393 433/803/393 436/812/393 945/813/393
f 433/806/394 432/805/394 435/814/394 436/815/394
f 432/805/395 434/807/395 437/816/395 435/814/395
f 435/814/396 437/816/396 440/817/396 438/818/396
f 437/811/397 944/810/397 949/819/397 440/820/397
f 945/813/398 436/812/398 439/821/398 950/822/398
f 436/815/399 435/814/399 438/818/399 439/823/399
f 438/818/400 440/817/400 443/824/400 441/825/400
f 440/820/401 949/819/401 954/826/401 443/827/401
f 950/822/402 439/821/402 442/828/402 955/829/402
f 439/823/403 438/818/403 441/825/403 442/830/403
f 956/831/404 955/832/404 442/830/404 441/825/404
f 954/833/405 956/834/405 441/835/405 443/836/405
f 574/191/433 910/194/433 907/193/433 561/192/433
f 561/225/443 907/228/443 575/227/443 560/226/443
f 721/481/490 735/515/490 734/514/490 720/480/490
f 835/516/491 838/519/491 735/518/491 721/517/491
f 838/519/496 840/528/496 742/527/496 735/518/496
f 735/515/499 742/533/499 741/532/499 734/514/499
f 742/533/501 749/537/501 748/536/501 741/532/501
f 840/528/504 842/543/504 749/542/504 742/527/504
f 749/537/506 756/546/506 755/545/506 748/536/506
f 842/543/509 844/555/509 756/554/509 749/542/509
f 868/569/514 846/572/514 763/571/514 864/570/514
f 864/579/517 763/582/517 762/581/517 866/580/517
f 756/546/582 864/579/582 866/580/582 755/545/582
f 756/546/585 869/681/585 871/680/585 864/579/585
f 864/688/590 871/691/590 872/690/590 868/689/590
f 868/569/591 872/683/591 870/684/591 844/555/591
f 562/758/625 908/761/625 909/760/625 570/759/625
f 560/226/626 575/227/626 908/763/626 562/762/626
f 908/761/627 913/765/627 914/764/627 909/760/627
f 575/227/628 911/767/628 913/766/628 908/763/628
f 907/228/629 912/768/629 911/767/629 575/227/629
f 910/194/630 915/770/630 912/769/630 907/193/630
f 912/768/631 917/772/631 916/771/631 911/767/631
f 911/767/632 916/771/632 918/773/632 913/766/632
f 913/774/633 918/777/633 919/776/633 914/775/633
f 915/770/634 920/779/634 917/778/634 912/769/634
f 920/779/635 925/781/635 922/780/635 917/778/635
f 917/772/636 922/783/636 921/782/636 916/771/636
f 916/771/637 921/782/637 923/784/637 918/773/637
f 918/777/638 923/786/638 924/785/638 919/776/638
f 925/787/639 930/790/639 927/789/639 922/788/639
f 922/783/640 927/792/640 926/791/640 921/782/640
f 921/782/641 926/791/641 928/793/641 923/784/641
f 923/786/642 928/795/642 929/794/642 924/785/642
f 930/790/643 935/797/643 932/796/643 927/789/643
f 927/792/644 932/799/644 931/798/644 926/791/644
f 926/791/645 931/798/645 933/800/645 928/793/645
f 928/795/646 933/802/646 934/801/646 929/794/646
f 935/797/647 940/804/647 937/803/647 932/796/647
f 932/799/648 937/806/648 936/805/648 931/798/648
f 931/798/649 936/805/649 938/807/649 933/800/649
f 933/802/650 938/809/650 939/808/650 934/801/650
f 938/809/651 943/811/651 944/810/651 939/808/651
f 940/804/652 945/813/652 942/812/652 937/803/652
f 937/806/653 942/815/653 941/814/653 936/805/653
f 936/805/654 941/814/654 943/816/654 938/807/654
f 941/814/655 946/818/655 948/817/655 943/816/655
f 943/811/656 948/820/656 949/819/656 944/810/656
f 945/813/657 950/822/657 947/821/657 942/812/657
f 942/815/658 947/823/658 946/818/658 941/814/658
f 946/818/659 951/825/659 953/824/659 948/817/659
f 948/820/660 953/827/660 954/826/660 949/819/660
f 950/822/661 955/829/661 952/828/661 947/821/661
f 947/823/662 952/830/662 951/825/662 946/818/662
f 956/831/663 951/825/663 952/830/663 955/832/663
f 954/833/664 953/836/664 951/835/664 956/834/664
usemtl WhiteHair
f 5/1/2 6/2/2 8/3/2 7/4/2
f 104/5/3 105/6/3 10/7/3 9/8/3
f 9/8/4 10/7/4 12/9/4 11/10/4
f 11/11/5 12/12/5 14/13/5 13/14/5
f 13/14/6 14/13/6 16/15/6 15/16/6
f 93/17/7 94/18/7 18/19/7 17/20/7
f 105/6/8 8/21/8 22/22/8 106/23/8
f 17/20/9 18/19/9 20/24/9 19/25/9
f 19/26/10 20/27/10 6/2/10 5/1/10
f 9/8/11 11/10/11 64/28/11 63/29/11
f 95/30/12 26/31/12 34/32/12 96/33/12
f 16/15/13 14/13/13 25/34/13 26/35/13
f 6/2/14 20/27/14 28/36/14 21/37/14
f 8/3/15 6/2/15 21/37/15 22/38/15
f 12/9/16 10/7/16 23/39/16 24/40/16
f 94/18/17 16/41/17 26/31/17 95/30/17
f 14/13/18 12/12/18 24/42/18 25/34/18
f 20/24/19 18/19/19 27/43/19 28/44/19
f 25/34/21 24/42/21 32/49/21 33/50/21
f 106/23/22 22/22/22 30/51/22 107/52/22
f 28/44/23 27/43/23 35/53/23 36/54/23
f 26/35/24 25/34/24 33/50/24 34/55/24
f 24/40/25 23/39/25 31/56/25 32/57/25
f 22/38/26 21/37/26 29/46/26 30/45/26
f 21/37/27 28/36/27 36/58/27 29/46/27
f 63/29/52 64/28/52 72/108/52 71/109/52
f 93/17/53 17/20/53 67/110/53 100/111/53
f 11/11/54 13/14/54 65/112/54 64/113/54
f 17/20/55 19/25/55 68/114/55 67/110/55
f 104/5/56 9/8/56 63/29/56 111/115/56
f 13/14/57 15/16/57 66/116/57 65/112/57
f 19/26/58 5/1/58 61/117/58 68/118/58
f 5/1/59 7/4/59 62/119/59 61/117/59
f 75/120/60 76/121/60 84/122/60 83/123/60
f 61/124/61 62/125/61 70/126/61 69/127/61
f 68/128/62 61/124/62 69/127/62 76/129/62
f 100/111/63 67/110/63 75/120/63 101/130/63
f 64/131/64 65/132/64 73/133/64 72/134/64
f 111/115/65 63/29/65 71/109/65 112/135/65
f 67/136/66 68/128/66 76/129/66 75/137/66
f 65/132/67 66/138/67 74/139/67 73/133/67
f 80/140/68 81/141/68 89/142/68 88/143/68
f 73/133/69 74/139/69 82/144/69 81/145/69
f 71/146/70 72/134/70 80/147/70 79/148/70
f 69/149/71 70/150/71 78/151/71 77/152/71
f 76/153/72 69/149/72 77/152/72 84/154/72
f 101/130/73 75/120/73 83/123/73 102/155/73
f 72/134/74 73/133/74 81/145/74 80/147/74
f 112/135/75 71/109/75 79/156/75 113/157/75
f 115/158/76 116/159/76 92/160/76 85/161/76
f 113/157/77 79/156/77 87/162/77 114/163/77
f 83/123/78 84/122/78 92/164/78 91/165/78
f 81/141/79 82/166/79 90/167/79 89/142/79
f 79/156/80 80/168/80 88/169/80 87/162/80
f 77/152/81 78/151/81 86/170/81 85/171/81
f 84/154/82 77/152/82 85/171/82 92/172/82
f 102/155/83 83/123/83 91/165/83 103/173/83
f 82/174/83 102/155/83 103/173/83 90/175/83
f 74/176/73 101/130/73 102/155/73 82/174/73
f 66/177/63 100/111/63 101/130/63 74/176/63
f 15/178/53 93/17/53 100/111/53 66/177/53
f 18/19/17 94/18/17 95/30/17 27/43/17
f 27/43/85 95/30/85 96/33/85 35/53/85
f 15/178/86 16/41/86 94/18/86 93/17/86
f 78/179/77 113/157/77 114/163/77 86/180/77
f 70/181/75 112/135/75 113/157/75 78/179/75
f 62/182/87 111/115/87 112/135/87 70/181/87
f 7/183/56 104/5/56 111/115/56 62/182/56
f 23/39/89 106/23/89 107/52/89 31/56/89
f 10/7/8 105/6/8 106/23/8 23/39/8
f 7/183/3 8/21/3 105/6/3 104/5/3
f 88/184/76 89/185/76 116/159/76 115/158/76
f 114/186/76 87/187/76 88/184/76 115/158/76
f 85/161/76 86/188/76 114/186/76 115/158/76
f 89/185/76 90/189/76 103/190/76 116/159/76
f 91/208/76 92/160/76 116/159/76 103/190/76
f 136/246/112 137/247/112 139/248/112 138/249/112
f 323/250/113 334/251/113 141/252/113 140/253/113
f 140/253/114 141/252/114 143/254/114 142/255/114
f 142/256/115 143/257/115 145/258/115 144/259/115
f 144/259/116 145/258/116 147/260/116 146/261/116
f 184/262/117 185/263/117 149/264/117 148/265/117
f 148/265/118 149/264/118 151/266/118 150/267/118
f 150/268/119 151/269/119 137/247/119 136/246/119
f 140/253/120 142/255/120 155/270/120 154/271/120
f 154/272/121 155/273/121 163/274/121 162/275/121
f 184/262/122 148/265/122 158/276/122 186/277/122
f 142/278/123 144/279/123 156/280/123 155/273/123
f 148/265/124 150/267/124 159/281/124 158/276/124
f 323/250/125 140/253/125 154/271/125 325/282/125
f 144/259/126 146/261/126 157/283/126 156/284/126
f 150/268/127 136/246/127 152/285/127 159/286/127
f 136/246/128 138/249/128 153/287/128 152/285/128
f 166/288/129 167/289/129 175/290/129 174/291/129
f 152/292/130 153/293/130 161/294/130 160/295/130
f 159/296/131 152/292/131 160/295/131 167/297/131
f 186/277/132 158/276/132 166/288/132 187/298/132
f 155/273/133 156/280/133 164/299/133 163/274/133
f 325/282/134 154/271/134 162/300/134 326/301/134
f 158/276/135 159/281/135 167/289/135 166/288/135
f 156/280/136 157/302/136 165/303/136 164/299/136
f 171/304/137 172/305/137 180/306/137 179/307/137
f 164/299/138 165/303/138 173/308/138 172/309/138
f 162/275/139 163/274/139 171/310/139 170/311/139
f 160/312/140 161/313/140 169/314/140 168/315/140
f 167/316/141 160/312/141 168/315/141 175/317/141
f 187/298/142 166/288/142 174/291/142 188/318/142
f 163/274/143 164/299/143 172/309/143 171/310/143
f 326/301/144 162/300/144 170/319/144 327/320/144
f 196/321/76 197/322/76 183/323/76 176/324/76
f 327/320/145 170/319/145 178/325/145 328/326/145
f 174/291/146 175/290/146 183/327/146 182/328/146
f 172/305/147 173/329/147 181/330/147 180/306/147
f 170/319/148 171/331/148 179/332/148 178/325/148
f 168/315/149 169/314/149 177/333/149 176/334/149
f 175/317/150 168/315/150 176/334/150 183/335/150
f 188/318/151 174/291/151 182/328/151 189/336/151
f 332/337/151 188/318/151 189/336/151 333/338/151
f 331/339/142 187/298/142 188/318/142 332/337/142
f 330/340/132 186/277/132 187/298/132 331/339/132
f 329/341/122 184/262/122 186/277/122 330/340/122
f 329/341/117 324/342/117 185/263/117 184/262/117
f 169/343/145 194/344/145 195/345/145 177/346/145
f 161/347/144 193/348/144 194/344/144 169/343/144
f 153/349/134 192/350/134 193/348/134 161/347/134
f 138/351/125 190/352/125 192/350/125 153/349/125
f 138/351/113 139/353/113 191/354/113 190/352/113
f 335/355/76 336/356/76 197/322/76 196/321/76
f 328/357/76 178/358/76 179/359/76 335/355/76
f 176/324/76 177/360/76 195/361/76 196/321/76
f 336/356/76 333/362/76 189/363/76 197/322/76
f 182/364/76 183/323/76 197/322/76 189/363/76
f 334/251/152 191/354/152 207/365/152 338/366/152
f 324/342/153 147/367/153 203/368/153 337/369/153
f 147/260/154 145/258/154 202/370/154 203/371/154
f 145/258/155 143/257/155 201/372/155 202/370/155
f 139/248/156 137/247/156 198/373/156 199/374/156
f 143/254/157 141/252/157 200/375/157 201/376/157
f 191/354/152 139/353/152 199/377/152 207/365/152
f 137/247/158 151/269/158 205/378/158 198/373/158
f 149/264/153 185/263/153 206/379/153 204/380/153
f 151/266/159 149/264/159 204/380/159 205/381/159
f 201/376/160 200/375/160 210/382/160 211/383/160
f 338/366/161 207/365/161 217/384/161 340/385/161
f 205/381/162 204/380/162 214/386/162 215/387/162
f 202/370/163 201/372/163 211/388/163 212/389/163
f 199/374/164 198/373/164 208/390/164 209/391/164
f 198/373/165 205/378/165 215/392/165 208/390/165
f 203/371/166 202/370/166 212/389/166 213/393/166
f 207/365/161 199/377/161 209/394/161 217/384/161
f 204/380/167 206/379/167 216/395/167 214/386/167
f 337/369/167 203/368/167 213/396/167 339/397/167
f 298/593/270 769/600/270 776/613/270 303/614/270
f 366/610/272 303/609/272 308/617/272 368/618/272
f 303/614/275 776/613/275 783/621/275 308/622/275
f 368/618/277 308/617/277 313/625/277 370/626/277
f 308/622/280 783/621/280 790/631/280 313/632/280
f 314/629/284 370/626/284 372/637/284 319/638/284
f 313/625/285 318/639/285 372/637/285 370/626/285
f 858/644/288 804/645/288 319/646/288 372/647/288
f 320/648/289 319/646/289 804/645/289 805/649/289
f 797/660/293 858/644/293 372/647/293 318/661/293
f 314/629/294 319/638/294 320/635/294 315/630/294
f 206/379/167 337/369/167 339/397/167 216/395/167
f 200/375/161 338/366/161 340/385/161 210/382/161
f 185/263/153 324/342/153 337/369/153 206/379/153
f 141/252/152 334/251/152 338/366/152 200/375/152
f 180/670/76 181/671/76 333/362/76 336/356/76
f 195/361/76 328/357/76 335/355/76 196/321/76
f 179/359/76 180/670/76 336/356/76 335/355/76
f 146/672/117 147/367/117 324/342/117 329/341/117
f 146/672/122 329/341/122 330/340/122 157/673/122
f 157/673/132 330/340/132 331/339/132 165/674/132
f 165/674/142 331/339/142 332/337/142 173/675/142
f 173/675/151 332/337/151 333/338/151 181/676/151
f 194/344/145 327/320/145 328/326/145 195/345/145
f 193/348/144 326/301/144 327/320/144 194/344/144
f 192/350/134 325/282/134 326/301/134 193/348/134
f 190/352/125 323/250/125 325/282/125 192/350/125
f 190/352/113 191/354/113 334/251/113 323/250/113
f 790/631/361 797/749/361 318/750/361 313/632/361
f 444/1/10 446/4/10 447/3/10 445/2/10
f 543/5/9 448/8/9 449/7/9 544/6/9
f 448/8/7 450/10/7 451/9/7 449/7/7
f 450/11/6 452/14/6 453/13/6 451/12/6
f 452/14/5 454/16/5 455/15/5 453/13/5
f 532/17/4 456/20/4 457/19/4 533/18/4
f 544/6/19 545/23/19 461/22/19 447/21/19
f 456/20/3 458/25/3 459/24/3 457/19/3
f 458/26/2 444/1/2 445/2/2 459/27/2
f 448/8/53 502/29/53 503/28/53 450/10/53
f 534/30/406 535/33/406 473/32/406 465/31/406
f 455/15/18 465/35/18 464/34/18 453/13/18
f 445/2/15 460/37/15 467/36/15 459/27/15
f 447/3/14 461/38/14 460/37/14 445/2/14
f 451/9/17 463/40/17 462/39/17 449/7/17
f 533/18/16 534/30/16 465/31/16 455/41/16
f 453/13/13 464/34/13 463/42/13 451/12/13
f 459/24/8 467/44/8 466/43/8 457/19/8
f 464/34/24 472/50/24 471/49/24 463/42/24
f 545/23/407 546/52/407 469/51/407 461/22/407
f 467/44/408 475/54/408 474/53/408 466/43/408
f 465/35/21 473/55/21 472/50/21 464/34/21
f 463/40/409 471/57/409 470/56/409 462/39/409
f 461/38/27 469/45/27 468/46/27 460/37/27
f 460/37/26 468/46/26 475/58/26 467/36/26
f 502/29/63 510/109/63 511/108/63 503/28/63
f 532/17/11 539/111/11 506/110/11 456/20/11
f 450/11/57 503/113/57 504/112/57 452/14/57
f 456/20/56 506/110/56 507/114/56 458/25/56
f 543/5/55 550/115/55 502/29/55 448/8/55
f 452/14/54 504/112/54 505/116/54 454/16/54
f 458/26/59 507/118/59 500/117/59 444/1/59
f 444/1/58 500/117/58 501/119/58 446/4/58
f 514/120/75 522/123/75 523/122/75 515/121/75
f 500/124/62 508/127/62 509/126/62 501/125/62
f 507/128/61 515/129/61 508/127/61 500/124/61
f 539/111/52 540/130/52 514/120/52 506/110/52
f 503/131/67 511/134/67 512/133/67 504/132/67
f 550/115/427 551/135/427 510/109/427 502/29/427
f 506/136/87 514/137/87 515/129/87 507/128/87
f 504/132/64 512/133/64 513/139/64 505/138/64
f 519/140/79 527/143/79 528/142/79 520/141/79
f 512/133/74 520/145/74 521/144/74 513/139/74
f 510/146/73 518/148/73 519/147/73 511/134/73
f 508/149/72 516/152/72 517/151/72 509/150/72
f 515/153/71 523/154/71 516/152/71 508/149/71
f 540/130/70 541/155/70 522/123/70 514/120/70
f 511/134/69 519/147/69 520/145/69 512/133/69
f 551/135/60 552/157/60 518/156/60 510/109/60
f 554/158/76 524/161/76 531/160/76 555/159/76
f 552/157/78 553/163/78 526/162/78 518/156/78
f 522/123/77 530/165/77 531/164/77 523/122/77
f 520/141/68 528/142/68 529/167/68 521/166/68
f 518/156/83 526/162/83 527/169/83 519/168/83
f 516/152/82 524/171/82 525/170/82 517/151/82
f 523/154/81 531/172/81 524/171/81 516/152/81
f 541/155/80 542/173/80 530/165/80 522/123/80
f 521/174/80 529/175/80 542/173/80 541/155/80
f 513/176/70 521/174/70 541/155/70 540/130/70
f 505/177/52 513/176/52 540/130/52 539/111/52
f 454/178/11 505/177/11 539/111/11 532/17/11
f 457/19/16 466/43/16 534/30/16 533/18/16
f 466/43/429 474/53/429 535/33/429 534/30/429
f 454/178/430 532/17/430 533/18/430 455/41/430
f 517/179/78 525/180/78 553/163/78 552/157/78
f 509/181/60 517/179/60 552/157/60 551/135/60
f 501/182/66 509/181/66 551/135/66 550/115/66
f 446/183/55 501/182/55 550/115/55 543/5/55
f 462/39/432 470/56/432 546/52/432 545/23/432
f 449/7/19 462/39/19 545/23/19 544/6/19
f 446/183/9 543/5/9 544/6/9 447/21/9
f 527/184/76 554/158/76 555/159/76 528/185/76
f 553/186/76 554/158/76 527/184/76 526/187/76
f 524/161/76 554/158/76 553/186/76 525/188/76
f 528/185/76 555/159/76 542/190/76 529/189/76
f 530/208/76 542/190/76 555/159/76 531/160/76
f 588/246/119 590/249/119 591/248/119 589/247/119
f 807/250/118 592/253/118 593/252/118 818/251/118
f 592/253/117 594/255/117 595/254/117 593/252/117
f 594/256/116 596/259/116 597/258/116 595/257/116
f 596/259/115 598/261/115 599/260/115 597/258/115
f 636/262/114 600/265/114 601/264/114 637/263/114
f 600/265/113 602/267/113 603/266/113 601/264/113
f 602/268/112 588/246/112 589/247/112 603/269/112
f 592/253/122 606/271/122 607/270/122 594/255/122
f 606/272/132 614/275/132 615/274/132 607/273/132
f 636/262/120 638/277/120 610/276/120 600/265/120
f 594/278/126 607/273/126 608/280/126 596/279/126
f 600/265/125 610/276/125 611/281/125 602/267/125
f 807/250/124 809/282/124 606/271/124 592/253/124
f 596/259/123 608/284/123 609/283/123 598/261/123
f 602/268/128 611/286/128 604/285/128 588/246/128
f 588/246/127 604/285/127 605/287/127 590/249/127
f 618/288/144 626/291/144 627/290/144 619/289/144
f 604/292/131 612/295/131 613/294/131 605/293/131
f 611/296/130 619/297/130 612/295/130 604/292/130
f 638/277/121 639/298/121 618/288/121 610/276/121
f 607/273/136 615/274/136 616/299/136 608/280/136
f 809/282/135 810/301/135 614/300/135 606/271/135
f 610/276/134 618/288/134 619/289/134 611/281/134
f 608/280/133 616/299/133 617/303/133 609/302/133
f 623/304/450 631/307/450 632/306/450 624/305/450
f 616/299/143 624/309/143 625/308/143 617/303/143
f 614/275/142 622/311/142 623/310/142 615/274/142
f 612/312/141 620/315/141 621/314/141 613/313/141
f 619/316/140 627/317/140 620/315/140 612/312/140
f 639/298/139 640/318/139 626/291/139 618/288/139
f 615/274/138 623/310/138 624/309/138 616/299/138
f 810/301/129 811/320/129 622/319/129 614/300/129
f 648/321/76 628/324/76 635/323/76 649/322/76
f 811/320/146 812/326/146 630/325/146 622/319/146
f 626/291/145 634/328/145 635/327/145 627/290/145
f 624/305/451 632/306/451 633/330/451 625/329/451
f 622/319/151 630/325/151 631/332/151 623/331/151
f 620/315/150 628/334/150 629/333/150 621/314/150
f 627/317/149 635/335/149 628/334/149 620/315/149
f 640/318/148 641/336/148 634/328/148 626/291/148
f 816/337/148 817/338/148 641/336/148 640/318/148
f 815/339/139 816/337/139 640/318/139 639/298/139
f 814/340/121 815/339/121 639/298/121 638/277/121
f 813/341/120 814/340/120 638/277/120 636/262/120
f 813/341/114 636/262/114 637/263/114 808/342/114
f 621/343/146 629/346/146 647/345/146 646/344/146
f 613/347/129 621/343/129 646/344/129 645/348/129
f 605/349/135 613/347/135 645/348/135 644/350/135
f 590/351/124 605/349/124 644/350/124 642/352/124
f 590/351/118 642/352/118 643/354/118 591/353/118
f 819/355/76 648/321/76 649/322/76 820/356/76
f 812/357/76 819/355/76 631/359/76 630/358/76
f 628/324/76 648/321/76 647/361/76 629/360/76
f 820/356/76 649/322/76 641/363/76 817/362/76
f 634/364/76 641/363/76 649/322/76 635/323/76
f 818/251/159 822/366/159 659/365/159 643/354/159
f 808/342/157 821/369/157 655/368/157 599/367/157
f 599/260/155 655/371/155 654/370/155 597/258/155
f 597/258/154 654/370/154 653/372/154 595/257/154
f 591/248/158 651/374/158 650/373/158 589/247/158
f 595/254/153 653/376/153 652/375/153 593/252/153
f 643/354/159 659/365/159 651/377/159 591/353/159
f 589/247/156 650/373/156 657/378/156 603/269/156
f 601/264/157 656/380/157 658/379/157 637/263/157
f 603/266/152 657/381/152 656/380/152 601/264/152
f 653/376/167 663/383/167 662/382/167 652/375/167
f 822/366/162 824/385/162 669/384/162 659/365/162
f 657/381/161 667/387/161 666/386/161 656/380/161
f 654/370/166 664/389/166 663/388/166 653/372/166
f 651/374/165 661/391/165 660/390/165 650/373/165
f 650/373/164 660/390/164 667/392/164 657/378/164
f 655/371/163 665/393/163 664/389/163 654/370/163
f 659/365/162 669/384/162 661/394/162 651/377/162
f 656/380/160 666/386/160 668/395/160 658/379/160
f 821/369/160 823/397/160 665/396/160 655/368/160
f 770/593/529 777/614/529 776/613/529 769/600/529
f 850/610/531 852/618/531 784/617/531 777/609/531
f 777/614/534 784/622/534 783/621/534 776/613/534
f 852/618/536 854/626/536 791/625/536 784/617/536
f 784/622/539 791/632/539 790/631/539 783/621/539
f 792/629/543 799/638/543 856/637/543 854/626/543
f 791/625/544 854/626/544 856/637/544 798/639/544
f 858/644/547 856/647/547 799/646/547 804/645/547
f 800/648/548 805/649/548 804/645/548 799/646/548
f 797/660/552 798/661/552 856/647/552 858/644/552
f 792/629/553 793/630/553 800/635/553 799/638/553
f 658/379/160 668/395/160 823/397/160 821/369/160
f 652/375/162 662/382/162 824/385/162 822/366/162
f 637/263/157 658/379/157 821/369/157 808/342/157
f 593/252/159 652/375/159 822/366/159 818/251/159
f 632/670/76 820/356/76 817/362/76 633/671/76
f 647/361/76 648/321/76 819/355/76 812/357/76
f 631/359/76 819/355/76 820/356/76 632/670/76
f 598/672/114 813/341/114 808/342/114 599/367/114
f 598/672/120 609/673/120 814/340/120 813/341/120
f 609/673/121 617/674/121 815/339/121 814/340/121
f 617/674/139 625/675/139 816/337/139 815/339/139
f 625/675/148 633/676/148 817/338/148 816/337/148
f 646/344/146 647/345/146 812/326/146 811/320/146
f 645/348/129 646/344/129 811/320/129 810/301/129
f 644/350/135 645/348/135 810/301/135 809/282/135
f 642/352/124 644/350/124 809/282/124 807/250/124
f 642/352/118 807/250/118 818/251/118 643/354/118
f 790/631/620 791/632/620 798/750/620 797/749/620
